,price_per_square,squares,max_floor,latitude,longitude,Nevskii prospekt,parkings_1km,rent_per_m,population
5,187500.0,4.0,1.0,30.463461,59.895551,15.32,36.0,20078.0,200654
9,136364.0,4.4,1.0,30.342404,59.905357,2.3,77.0,20078.0,200654
18,291667.0,7.2,5.0,30.377268,59.933068,5.56,55.0,96430.0,200654
22,33750.0,8.0,12.0,30.378678,59.855331,7.17,89.0,20500.0,200654
36,350000.0,10.0,20.0,30.215787,60.003327,12.78,95.0,43200.0,200654
40,215518.0,11.6,4.0,30.305502,59.929623,2.44,43.0,16711.0,200654
41,200000.0,11.7,1.0,30.376316,59.924943,5.48,69.0,23600.0,200654
45,241667.0,12.0,4.0,30.350795,59.921056,2.72,50.0,32220.0,200654
47,266394.0,12.2,18.0,30.199994,59.860161,14.55,27.0,38200.0,413983
49,260000.0,12.84,5.0,30.387724,60.026051,8.34,50.0,38236.2,200654
51,307693.0,13.0,1.0,30.32893,59.915143,1.06,38.0,47000.0,200654
52,346154.0,13.0,3.0,30.339143,59.924325,1.44,65.0,17520.0,200654
53,396154.0,13.0,5.0,30.359077,59.928843,3.55,34.0,38556.2,200654
54,234616.0,13.0,9.0,30.376477,59.856176,6.94,83.0,44576.2,200654
57,308089.0,13.6,5.0,30.411206,59.871997,9.97,31.0,38556.2,413983
60,300000.0,14.0,1.0,30.286619,59.926706,4.54,76.0,47000.0,200654
62,186677.0,14.2,3.0,30.285451,59.898449,5.0,44.0,42920.0,200654
65,253334.0,15.0,1.0,30.350274,59.916618,2.74,56.0,39400.0,200654
68,170000.0,15.0,1.0,30.482389,59.885973,17.49,30.0,39400.0,200654
69,186000.0,15.0,6.0,30.311278,59.911475,2.16,57.0,326780.2,200654
70,237180.0,15.6,13.0,30.251845,60.015404,9.21,120.0,54339.8,200654
74,264706.0,17.0,1.0,30.288919,59.921615,4.32,67.0,25000.0,200654
78,350197.0,17.79,19.0,30.184849,59.942245,15.84,15.0,51200.0,200654
86,188334.0,18.0,6.0,30.355502,59.936819,3.14,22.0,325516.0,413983
87,138889.0,18.0,8.0,30.314296,59.912774,1.85,61.0,50915.8,413983
88,202778.0,18.0,20.0,30.351316,60.078365,7.99,30.0,51200.0,200654
90,301887.0,18.55,12.0,30.312446,59.902154,2.36,67.0,50339.8,200654
91,322581.0,18.6,1.0,30.26444,59.942827,7.0,35.0,80400.0,413983
102,287500.0,20.0,1.0,30.37009,59.932811,4.76,57.0,44600.0,200654
107,267500.0,20.0,5.0,30.321033,59.94179,0.77,15.0,43600.0,200654
116,118933.0,20.6,9.0,30.367467,60.051167,7.63,39.0,53999.8,200654
119,421297.0,21.6,9.0,30.383323,59.869142,7.19,94.0,53999.8,413983
124,198238.0,22.7,1.0,30.361898,59.944111,3.88,37.0,54064.0,413983
132,304055.0,23.68,12.0,30.312446,59.902154,2.36,67.0,66100.0,413983
134,300000.0,24.0,1.0,30.350857,59.9358,2.62,20.0,56072.0,200654
136,300000.0,24.0,7.0,30.319848,59.855304,4.18,55.0,66400.0,200654
140,264228.0,24.6,4.0,30.29094,60.01074,5.51,84.0,55832.0,200654
141,272358.0,24.6,16.0,30.312446,59.905998,2.23,68.0,94240.0,200654
147,236221.0,25.4,5.0,30.297156,59.956899,3.52,48.0,64188.0,200654
152,221154.0,26.0,14.0,30.333619,59.982059,2.52,66.0,97140.0,200654
153,270000.0,26.08,5.0,30.308322,59.754121,9.41,12.0,61184.0,200654
158,147778.0,27.0,5.0,30.350274,59.916618,2.74,56.0,67820.0,200654
159,440741.0,27.0,7.0,30.346016,59.92023,2.23,73.0,69396.0,413983
162,379920.0,27.19,19.0,30.184849,59.942245,15.84,15.0,94240.0,200654
166,428572.0,28.0,9.0,30.374124,59.869562,6.3,82.0,71100.0,200654
169,351000.0,28.96,5.0,30.308322,59.754121,9.41,12.0,75796.0,200654
170,99656.0,29.0,1.0,30.388748,59.945855,6.86,24.0,103550.0,200654
174,280822.0,29.2,5.0,30.357586,59.930962,3.38,23.0,75796.0,200654
177,283334.0,30.0,1.0,30.246536,59.930264,8.98,44.0,101000.0,200654
186,431894.0,30.1,5.0,30.31002,59.851467,4.67,80.0,70796.0,200654
187,197369.0,30.4,5.0,30.442773,59.885616,13.15,17.0,99440.0,200654
188,274510.0,30.6,9.0,30.386071,59.86823,7.49,74.0,92080.0,200654
189,276873.0,30.7,1.0,30.357397,59.838607,6.13,67.0,117000.0,200654
198,213376.0,31.4,5.0,30.442773,59.885616,13.15,17.0,94100.0,200654
202,141510.0,31.8,5.0,30.33149,60.037063,5.28,83.0,86300.0,200654
211,117284.0,32.4,6.0,30.373836,59.933645,5.18,60.0,86300.0,200654
212,220184.0,32.7,1.0,30.345854,59.917209,2.28,74.0,52776.0,200654
213,158537.0,32.8,18.0,30.331535,60.017292,4.26,75.0,67600.0,413983
216,293940.0,33.0,5.0,30.297237,59.966493,3.68,43.0,84300.0,200654
218,170000.0,33.27,2.0,30.084013,59.724491,28.15,48.0,57876.0,200654
219,111608.0,33.6,25.0,30.369282,59.806821,8.32,31.0,81000.0,200654
221,190000.0,33.9,9.0,30.449978,59.956836,13.7,15.0,74780.0,413983
224,257226.0,34.6,18.0,30.421196,59.890681,10.74,34.0,54600.0,413983
225,236312.0,34.7,3.0,30.337787,59.946946,1.31,21.0,74696.0,200654
231,267606.0,35.5,5.0,30.323279,59.913447,1.21,40.0,78796.0,200654
232,363381.0,35.5,6.0,30.37566,59.925453,5.41,73.0,58388.0,200654
234,277500.0,36.0,2.0,30.276163,59.939027,5.69,37.0,72596.0,200654
235,283334.0,36.0,2.0,30.276163,59.939027,5.69,37.0,72596.0,200654
238,123967.0,36.3,19.0,30.213846,59.95229,12.64,69.0,58200.0,200654
239,398681.0,36.37,12.0,30.338083,59.880582,3.1,19.0,78400.0,200654
240,77028.0,37.0,1.0,30.375516,59.936282,5.36,50.0,61000.0,200654
242,205406.0,37.0,10.0,30.372291,59.831173,7.51,26.0,73620.0,200654
245,185984.0,37.1,5.0,30.375651,59.860486,6.73,84.0,76214.0,200654
246,307251.0,37.1,14.0,30.316183,59.857003,4.19,76.0,79520.0,200654
248,190000.0,37.28,5.0,30.387724,60.026051,8.34,50.0,76214.0,200654
250,234542.0,37.52,14.0,30.372291,59.831173,7.51,26.0,79520.0,200654
251,200000.0,37.7,4.0,30.29094,60.01074,5.51,84.0,76214.0,200654
256,210500.0,38.0,5.0,30.406849,59.927644,8.86,19.0,88618.0,200654
258,312178.0,38.4,9.0,30.335083,60.011441,4.04,58.0,105012.0,200654
259,312178.0,38.4,9.0,30.335083,60.011441,4.04,58.0,105012.0,200654
260,90390.0,38.5,3.0,30.315679,59.959228,1.77,76.0,64600.0,200654
262,141026.0,39.0,5.0,30.338254,59.927806,1.28,55.0,84250.0,200654
263,200000.0,39.0,9.0,30.474008,59.862352,16.86,34.0,97012.0,200654
264,176924.0,39.0,12.0,30.358287,59.810505,7.47,18.0,93520.0,200654
266,242967.0,39.1,6.0,30.294192,59.920303,3.76,56.0,117610.0,200654
275,225000.0,40.0,6.0,30.35269,59.926381,2.87,23.0,128092.0,200654
282,283951.0,40.5,5.0,30.359912,59.938928,3.63,22.0,128092.0,200654
283,420000.0,40.67,10.0,30.429685,59.881358,11.79,23.0,135092.0,200654
284,388754.0,40.9,5.0,30.509186,59.831548,21.15,31.0,128092.0,200654
286,365610.0,41.0,8.0,30.094478,59.84273,26.12,18.0,135092.0,200654
287,97318.0,41.0,8.0,30.371456,59.922201,4.96,60.0,135092.0,413983
288,236342.0,41.0,19.0,30.184849,59.942245,15.84,15.0,95320.0,413983
294,143199.0,41.9,1.0,30.316326,59.909779,1.79,58.0,69401.8,200654
295,189286.0,42.0,5.0,30.29739,59.95402,3.45,48.0,134092.0,200654
296,368600.0,42.06,10.0,30.318985,59.906504,1.74,47.0,107700.0,200654
298,177726.0,42.2,16.0,30.32486,60.053701,6.09,94.0,95320.0,200654
299,389151.0,42.4,5.0,30.33087,59.843693,4.76,80.0,124748.0,200654
301,175582.0,43.0,1.0,30.349249,59.917493,2.62,62.0,125903.0,200654
302,216280.0,43.0,5.0,30.304792,59.954628,2.68,46.0,98356.0,200654
303,313721.0,43.0,5.0,30.348297,59.945544,2.4,23.0,98356.0,200654
307,407835.0,43.4,11.0,30.338991,59.876928,3.32,18.0,94000.0,200654
309,225288.0,43.5,5.0,30.442773,59.885616,13.15,17.0,98356.0,200654
310,232887.0,43.97,19.0,30.184849,59.942245,15.84,15.0,96320.0,413983
314,315910.0,44.0,5.0,30.379343,59.857418,7.16,90.0,96956.0,200654
315,227046.0,44.0,17.0,30.200542,59.852606,14.57,28.0,109128.0,200654
320,180996.0,44.2,1.0,30.329819,59.915156,1.09,35.0,101212.0,200654
326,84445.0,45.0,1.0,30.297156,59.956899,3.52,48.0,116460.0,200654
330,166298.0,45.1,16.0,30.238577,60.010789,10.48,81.0,139619.4,200654
331,247500.0,45.2,16.0,30.368563,59.885142,5.32,17.0,139619.4,200654
335,199571.0,46.6,25.0,30.375507,59.802929,8.92,26.0,99720.0,200654
337,259575.0,47.0,6.0,30.349043,59.91683,2.61,66.0,105411.8,200654
340,297873.0,47.0,12.0,30.312446,59.902154,2.36,67.0,92411.6,200654
342,222930.0,47.1,17.0,30.223512,60.02793,12.3,63.0,139619.4,200654
344,288819.0,47.4,9.0,30.23581,59.982154,10.4,42.0,92000.0,200654
346,170000.0,47.65,2.0,30.082621,59.724677,28.29,47.0,46275.0,200654
347,170000.0,47.65,2.0,30.082621,59.724677,28.29,47.0,46275.0,200654
348,170000.0,47.65,2.0,30.084013,59.724491,28.15,48.0,46275.0,200654
349,125261.0,47.9,1.0,30.369327,59.927346,4.7,56.0,46275.0,200654
350,334030.0,47.9,3.0,30.359679,59.918526,3.71,46.0,49535.0,200654
351,406596.0,47.91,18.0,30.194542,59.942894,14.76,20.0,149719.4,200654
352,333334.0,48.0,3.0,30.359679,59.918526,3.71,46.0,58727.0,200654
353,209375.0,48.0,5.0,30.3253,59.91466,1.09,37.0,96411.8,200654
356,236140.0,48.7,7.0,30.446474,59.873266,13.72,19.0,108411.8,200654
357,235656.0,48.8,4.0,30.345863,59.925146,2.14,59.0,85800.0,200654
358,118368.0,49.0,5.0,30.382047,59.965912,6.31,30.0,96411.8,200654
359,448980.0,49.0,6.0,30.327223,59.876237,3.05,54.0,96411.8,200654
360,234694.0,49.0,6.0,30.345863,59.925146,2.14,59.0,96411.8,200654
361,341837.0,49.0,12.0,30.488551,59.951506,17.96,26.0,129623.0,413983
369,80646.0,49.6,1.0,30.356822,59.94417,3.32,34.0,95640.0,200654
376,173800.0,50.0,3.0,30.350588,59.922341,2.68,48.0,82900.0,200654
381,440000.0,50.0,5.0,30.358134,59.932495,3.43,22.0,86800.0,200654
383,380000.0,50.0,8.0,30.392297,59.942268,7.24,22.0,106411.8,200654
384,230000.0,50.0,23.0,30.205447,60.002638,13.88,98.0,107020.0,413983
386,59761.0,50.2,5.0,30.348675,59.91129,2.7,62.0,86800.0,200654
387,137200.0,50.4,1.0,30.359356,59.921692,3.64,44.0,92900.0,200654
388,176413.0,50.45,13.0,30.329891,60.006116,3.66,69.0,127211.6,413983
389,353151.0,50.46,19.0,30.184849,59.942245,15.84,15.0,133508.0,200654
390,353151.0,50.46,19.0,30.184849,59.942245,15.84,15.0,133508.0,413983
393,211686.0,51.0,18.0,30.431364,59.900962,11.74,22.0,117508.0,200654
394,335000.0,51.0,25.0,30.303983,59.99669,4.03,59.0,99720.0,200654
395,246967.0,51.1,16.0,30.368563,59.885142,5.32,17.0,133208.0,200654
396,400000.0,51.3,11.0,30.338083,59.880582,3.1,19.0,93411.6,200654
400,295367.0,51.8,16.0,30.40552,59.84819,9.95,55.0,133208.0,200654
410,226416.0,53.0,1.0,30.302699,59.922792,2.81,64.0,123000.0,200654
413,358491.0,53.0,13.0,30.2026,60.030245,14.5,18.0,96000.0,200654
414,348400.0,53.1,1.0,30.2973,59.952331,3.44,46.0,123000.0,200654
415,380160.0,53.3,9.0,30.145673,59.861824,20.42,46.0,98000.0,200654
418,182836.0,53.6,25.0,30.375507,59.802929,8.92,26.0,135700.0,200654
427,322735.0,54.41,9.0,30.288622,59.903823,4.58,42.0,96000.0,200654
428,321101.0,54.5,25.0,30.251773,60.029458,9.52,75.0,135700.0,200654
429,317646.0,54.59,9.0,30.404316,59.938175,8.57,17.0,96000.0,200654
431,103637.0,55.0,1.0,30.311278,59.911475,2.16,57.0,104178.8,200654
432,134546.0,55.0,1.0,30.349627,59.932202,2.49,28.0,104178.8,200654
433,52546.0,55.0,1.0,30.356346,59.940875,3.25,31.0,104178.8,200654
434,89091.0,55.0,1.0,30.386727,59.947041,6.64,27.0,104178.8,200654
435,145455.0,55.0,1.0,30.41126,59.928217,9.35,42.0,104178.8,200654
436,245455.0,55.0,4.0,30.345396,59.939167,2.02,20.0,80738.8,413983
437,59091.0,55.0,4.0,30.360766,59.920086,3.81,47.0,80738.8,200654
444,399275.0,55.1,7.0,30.296402,59.952123,3.53,52.0,98920.0,200654
446,170000.0,55.24,2.0,30.084013,59.724491,28.15,48.0,104178.8,200654
447,415163.0,55.4,5.0,30.330232,59.854567,4.19,35.0,89360.0,200654
448,433213.0,55.4,5.0,30.330232,59.854567,4.19,35.0,89360.0,200654
449,198556.0,55.4,9.0,30.489503,59.906309,18.12,36.0,98600.0,200654
450,360361.0,55.5,1.0,30.318725,59.885936,2.7,75.0,96578.8,200654
451,269300.0,55.7,3.0,30.279935,59.942376,5.28,52.0,62618.8,200654
456,400000.0,56.04,11.0,30.338083,59.880582,3.1,19.0,112600.0,200654
458,380000.0,56.2,25.0,30.220961,59.862483,12.29,34.0,135700.0,200654
459,326578.0,56.25,19.0,30.184849,59.942245,15.84,15.0,97892.0,200654
467,219299.0,57.0,25.0,30.317961,60.069598,6.93,47.0,138900.0,200654
468,400000.0,57.1,10.0,30.429685,59.881358,11.79,23.0,138720.0,413983
470,350000.0,57.6,11.0,30.338083,59.880582,3.1,19.0,124520.0,200654
471,387600.0,57.61,7.0,30.268635,59.943372,6.53,33.0,144884.4,200654
472,225460.0,57.66,25.0,30.317961,60.069598,6.93,47.0,138900.0,200654
473,134316.0,57.7,1.0,30.32495,59.917213,0.97,38.0,108602.0,200654
475,317646.0,57.91,9.0,30.404316,59.938175,8.57,17.0,164120.0,413983
476,136207.0,58.0,1.0,30.32495,59.917213,0.97,38.0,97602.0,200654
486,317646.0,58.88,9.0,30.404316,59.938175,8.57,17.0,121920.0,200654
487,135000.0,58.9,1.0,30.376316,59.924943,5.48,69.0,156602.0,413983
488,225000.0,58.9,5.0,30.442773,59.885616,13.15,17.0,182598.0,200654
491,261865.0,59.0,27.0,30.340985,60.075016,7.44,51.0,161500.0,200654
492,281145.0,59.4,1.0,30.330403,59.957043,1.17,22.0,156602.0,200654
493,420169.0,59.5,6.0,30.346546,59.910009,2.52,75.0,198398.0,200654
494,254181.0,59.8,28.0,30.340985,60.075016,7.44,51.0,161500.0,200654
497,283334.0,60.0,3.0,30.288119,59.984373,4.98,43.0,181398.0,200654
502,179834.0,60.0,5.0,30.344336,60.072094,7.4,53.0,193598.0,200654
503,250000.0,60.0,5.0,30.379343,59.857418,7.16,90.0,193598.0,200654
508,350000.0,60.0,25.0,30.199195,60.038573,14.97,9.0,133976.0,200654
513,225000.0,60.4,5.0,30.442773,59.885616,13.15,17.0,193598.0,200654
515,319994.0,60.77,14.0,30.417396,59.936206,10.02,47.0,120170.0,200654
516,229581.0,60.85,19.0,30.184849,59.942245,15.84,15.0,104168.0,200654
517,259017.0,61.0,1.0,30.217601,59.835134,13.03,48.0,282602.0,413983
519,278689.0,61.0,7.0,30.304792,59.954628,2.68,46.0,143400.0,200654
520,277050.0,61.0,8.0,30.39651,59.944292,7.71,20.0,108644.0,200654
522,188525.0,61.0,18.0,30.244308,60.072444,11.27,21.0,90376.0,200654
524,376685.0,61.59,19.0,30.184849,59.942245,15.84,15.0,88096.0,200654
526,304000.0,61.63,13.0,30.377394,60.017499,7.12,42.0,109970.0,200654
532,298388.0,62.0,22.0,30.160765,59.861973,18.77,89.0,112976.0,200654
534,197263.0,62.1,6.0,30.317117,59.924722,1.26,31.0,166400.0,413983
539,184714.0,62.8,10.0,30.364799,60.043848,7.13,53.0,101374.0,200654
540,220351.0,62.8,23.0,30.319785,60.077463,7.31,26.0,131073.6,200654
541,420000.0,62.98,9.0,30.307568,59.985804,3.36,61.0,121374.0,200654
542,123810.0,63.0,1.0,30.350444,59.838055,5.74,69.0,226562.0,200654
543,103175.0,63.0,1.0,30.369282,59.806821,8.32,31.0,226562.0,200654
544,103175.0,63.0,1.0,30.370072,59.806975,8.37,31.0,226562.0,200654
550,301110.0,63.1,9.0,30.386458,59.874277,7.37,52.0,121374.0,200654
551,219303.0,63.1,23.0,30.321285,60.081722,7.52,11.0,131073.6,200654
553,373011.0,63.5,1.0,30.434006,59.934285,11.87,39.0,114262.0,200654
554,329650.0,63.54,1.0,30.35128,59.967502,3.16,57.0,114262.0,200654
556,160126.0,63.7,25.0,30.375507,59.802929,8.92,26.0,131073.6,200654
558,150000.0,63.9,1.0,30.418779,59.87924,10.65,21.0,114262.0,200654
559,387600.0,63.92,7.0,30.268635,59.943372,6.53,33.0,171330.0,200654
561,241434.0,64.2,9.0,30.233529,59.949956,10.45,63.0,145130.0,200654
566,139035.0,64.66,1.0,30.425723,59.883882,11.32,21.0,133060.0,200654
567,84877.0,64.8,1.0,30.472355,59.929687,16.14,39.0,133060.0,200654
568,115385.0,65.0,1.0,30.304873,59.926607,2.53,48.0,133060.0,200654
576,223077.0,65.0,5.0,30.354559,59.943791,3.07,27.0,100744.0,200654
577,153077.0,65.0,7.0,30.283187,59.983265,5.44,41.0,148130.0,200654
583,297710.0,65.5,5.0,30.396699,59.85365,8.93,42.0,162000.0,200654
586,235563.0,65.8,1.0,30.368141,59.935367,4.54,42.0,154120.0,200654
592,294562.0,66.2,16.0,30.329397,60.075151,7.22,25.0,181650.0,200654
593,317645.0,66.27,9.0,30.404316,59.938175,8.57,17.0,145130.0,200654
594,120664.0,66.3,1.0,30.474753,59.873202,16.79,26.0,154120.0,200654
595,241003.0,66.4,15.0,30.255618,60.06975,10.24,10.0,166650.0,200654
598,150000.0,66.75,2.0,30.082621,59.724677,28.29,47.0,220144.4,413983
599,150000.0,66.75,2.0,30.084013,59.724491,28.15,48.0,220144.4,200654
601,340808.0,66.9,24.0,30.302843,59.997019,4.12,64.0,124297.6,200654
602,335000.0,66.9,25.0,30.302843,59.997019,4.12,64.0,124297.6,200654
604,205971.0,67.0,25.0,30.374088,59.807138,8.64,31.0,124297.6,200654
605,358209.0,67.0,26.0,30.340985,60.075016,7.44,51.0,124297.6,200654
607,143917.0,67.4,5.0,30.302663,59.968633,3.21,40.0,184400.0,200654
608,160238.0,67.4,6.0,30.324591,59.918435,0.92,38.0,184400.0,200654
609,350000.0,67.46,5.0,30.387724,60.026051,8.34,50.0,184400.0,200654
610,367408.0,67.5,24.0,30.302079,59.997514,4.2,72.0,124297.6,200654
611,424055.0,67.68,19.0,30.184849,59.942245,15.84,15.0,159290.0,200654
615,322581.0,68.2,3.0,30.328453,59.999948,3.33,78.0,144320.0,200654
617,109300.0,68.5,23.0,30.360434,60.042779,6.79,51.0,125937.6,200654
618,323666.0,68.7,1.0,30.35128,59.967502,3.16,57.0,104320.0,200654
619,250000.0,68.79,13.0,30.377394,60.017499,7.12,42.0,168320.0,200654
620,174419.0,68.8,2.0,30.317961,60.069598,6.93,47.0,101320.0,200654
621,333189.0,69.0,5.0,30.420351,59.895678,10.59,31.0,164400.0,413983
622,335000.0,69.0,25.0,30.303983,59.99669,4.03,59.0,131297.6,200654
624,335000.0,69.4,25.0,30.302843,59.997019,4.12,64.0,131297.6,200654
625,107759.0,69.6,4.0,30.318572,59.915183,1.42,41.0,168803.4,200654
626,235295.0,69.7,11.0,30.249204,59.937639,8.68,50.0,156320.0,200654
627,332897.0,69.77,9.0,30.404316,59.938175,8.57,17.0,145320.0,200654
628,128429.0,70.0,1.0,30.222183,59.958386,11.73,93.0,103000.0,413983
630,35715.0,70.0,1.0,30.32133,59.912797,1.34,39.0,103000.0,413983
635,242858.0,70.0,5.0,30.323324,59.878762,2.94,77.0,168803.4,200654
637,358572.0,70.0,25.0,30.21558,59.984278,12.62,101.0,130000.0,200654
638,180000.0,70.0,25.0,30.364045,59.811609,7.76,31.0,130000.0,200654
641,292858.0,70.0,26.0,30.407065,59.858381,9.84,45.0,130000.0,200654
644,253562.0,70.2,28.0,30.312392,60.06927,7.0,58.0,130000.0,200654
645,287340.0,70.3,14.0,30.334957,60.035535,5.27,65.0,136450.0,200654
650,323666.0,70.75,1.0,30.35128,59.967502,3.16,57.0,124000.0,200654
651,76272.0,70.8,1.0,30.244308,60.072444,11.27,21.0,105000.0,200654
653,220339.0,70.8,13.0,30.41594,59.847268,11.01,41.0,130120.0,200654
654,225989.0,70.8,14.0,30.41594,59.847268,11.01,41.0,132800.0,200654
656,126620.0,71.0,8.0,30.325812,59.854716,4.16,37.0,163320.0,200654
657,219719.0,71.0,14.0,30.41594,59.847268,11.01,41.0,132800.0,200654
659,246237.0,71.07,8.0,30.25304,59.908868,8.35,26.0,163320.0,200654
660,372192.0,71.2,5.0,30.27875,59.917745,5.47,28.0,217803.4,200654
662,323665.0,71.45,1.0,30.35128,59.967502,3.16,57.0,139400.0,200654
663,263300.0,71.7,5.0,30.37654,59.925128,5.51,67.0,242803.4,200654
664,263300.0,71.7,5.0,30.37654,59.925128,5.51,67.0,242803.4,200654
665,257900.0,71.9,24.0,30.277061,60.059683,8.26,28.0,131020.0,200654
668,338889.0,72.0,4.0,30.313128,59.93594,1.57,30.0,251203.4,413983
669,255556.0,72.0,20.0,30.230537,60.035962,11.73,82.0,142140.0,200654
671,334928.0,72.0,25.0,30.220988,59.861503,12.3,36.0,131020.0,413983
672,128988.0,72.1,9.0,30.447813,59.95593,13.45,16.0,181240.0,200654
673,172992.0,72.2,1.0,30.344812,59.939825,1.96,22.0,194880.0,200654
675,334000.0,72.2,25.0,30.220988,59.861973,12.29,35.0,131020.0,200654
677,339000.0,72.4,25.0,30.220961,59.862483,12.29,34.0,131020.0,200654
678,329000.0,72.5,25.0,30.220961,59.862483,12.29,34.0,131020.0,200654
680,334000.0,72.5,25.0,30.220979,59.863007,12.28,34.0,131020.0,200654
681,213000.0,72.5,25.0,30.479038,60.008378,17.4,32.0,131020.0,200654
682,324000.0,72.6,25.0,30.220979,59.863007,12.28,34.0,131020.0,200654
684,327000.0,72.8,25.0,30.220988,59.861973,12.29,35.0,131020.0,200654
686,360993.0,72.91,18.0,30.194542,59.942894,14.76,20.0,158500.0,413983
689,294521.0,73.0,5.0,30.344408,59.926715,1.96,63.0,201000.0,200654
690,294521.0,73.0,5.0,30.344408,59.926715,1.96,63.0,201000.0,200654
691,230137.0,73.0,11.0,30.269317,60.052339,8.59,30.0,145040.0,200654
692,216473.0,73.0,25.0,30.449376,60.002517,14.11,10.0,131020.0,200654
694,294118.0,73.1,5.0,30.313326,59.936724,1.55,31.0,206240.0,413983
695,287737.0,73.1,9.0,30.335083,60.011441,4.04,58.0,204480.0,200654
696,75137.0,73.2,1.0,30.244308,60.072444,11.27,21.0,118967.0,200654
701,353742.0,73.5,7.0,30.301127,59.912368,3.13,55.0,182480.0,200654
702,319728.0,73.5,7.0,30.302124,59.912414,3.03,58.0,182480.0,200654
704,271371.0,73.7,1.0,30.323306,59.964205,1.54,72.0,119088.0,200654
705,109295.0,73.7,23.0,30.360434,60.042779,6.79,51.0,108760.0,200654
708,53379.0,74.0,1.0,30.307675,59.922088,2.28,57.0,175962.0,200654
712,75574.0,74.1,1.0,30.244308,60.072444,11.27,21.0,97541.0,200654
716,265000.0,74.7,12.0,30.204962,60.033908,14.3,19.0,165040.0,200654
726,292316.0,75.09,9.0,30.288622,59.903823,4.58,42.0,202480.0,200654
729,450000.0,75.4,11.0,30.338083,59.880582,3.1,19.0,157040.0,413983
730,324000.0,75.7,25.0,30.220988,59.861973,12.29,35.0,108760.0,200654
731,190000.0,75.8,12.0,30.479038,60.008378,17.4,32.0,139040.0,200654
732,250330.0,75.9,2.0,30.364781,60.052272,7.5,41.0,96442.0,200654
735,246053.0,76.0,2.0,30.363075,60.052483,7.4,42.0,96442.0,413983
736,388158.0,76.0,4.0,30.294955,59.922787,3.65,60.0,127000.0,200654
739,220869.0,76.0,24.0,30.511773,59.866274,20.93,17.0,99010.0,200654
743,249541.0,76.1,4.0,30.321698,59.929096,0.7,24.0,127000.0,200654
745,317585.0,76.13,1.0,30.35128,59.967502,3.16,57.0,135186.0,200654
746,319000.0,76.2,25.0,30.220961,59.862483,12.29,34.0,126010.0,200654
750,350000.0,76.4,6.0,30.305546,59.907532,2.8,59.0,141240.0,200654
751,194772.0,76.5,16.0,30.51878,59.831282,22.19,18.0,142500.0,200654
753,332895.0,76.7,1.0,30.245728,59.962048,9.16,41.0,168656.0,200654
754,319615.0,76.78,20.0,30.434311,59.931134,11.9,39.0,129440.0,200654
755,384115.0,76.8,4.0,30.306912,59.924555,2.33,45.0,126338.0,200654
756,384115.0,76.8,5.0,30.306912,59.924555,2.33,45.0,116358.0,413983
759,310000.0,77.0,25.0,30.220979,59.863007,12.28,34.0,142990.0,200654
760,194806.0,77.0,25.0,30.312392,60.06927,7.0,58.0,142990.0,200654
762,200000.0,77.0,25.0,30.474367,60.018102,17.05,18.0,142990.0,200654
764,181559.0,77.0,26.0,30.371653,59.812193,8.25,33.0,152050.0,200654
765,340000.0,77.3,13.0,30.378714,60.018349,7.26,41.0,141688.8,200654
766,337000.0,77.3,25.0,30.220988,59.861973,12.29,35.0,142990.0,200654
767,332000.0,77.4,25.0,30.220961,59.862483,12.29,34.0,142990.0,200654
769,340000.0,77.92,11.0,30.378714,60.018349,7.26,41.0,186184.4,200654
772,250000.0,78.0,13.0,30.327043,59.991804,2.91,84.0,141688.8,200654
775,364357.0,78.22,9.0,30.404316,59.938175,8.57,17.0,201302.0,200654
776,209000.0,78.3,4.0,30.107827,59.834189,24.72,32.0,155883.0,200654
778,175000.0,78.3,14.0,30.359041,59.808794,7.59,19.0,153164.4,200654
783,316392.0,78.7,24.0,30.344614,59.85332,4.71,35.0,131050.0,200654
786,378482.0,79.0,4.0,30.287562,59.985512,5.07,40.0,155883.0,200654
789,209054.0,79.0,24.0,30.511773,59.866274,20.93,17.0,131050.0,200654
791,161917.0,79.3,1.0,30.275992,59.94431,5.72,50.0,169000.0,200654
793,175000.0,79.6,14.0,30.362015,59.807106,7.84,23.0,172108.8,200654
794,232121.0,79.7,1.0,30.377268,59.933068,5.56,55.0,169000.0,200654
795,325000.0,79.75,10.0,30.341533,59.966953,2.29,56.0,175006.4,200654
796,187500.0,80.0,1.0,30.290868,59.940005,4.06,76.0,169000.0,200654
797,131250.0,80.0,1.0,30.307065,59.919725,2.38,66.0,169000.0,200654
798,125000.0,80.0,1.0,30.307065,59.919725,2.38,66.0,169000.0,200654
804,143625.0,80.0,4.0,30.298665,59.923581,3.24,54.0,210525.0,200654
805,143625.0,80.0,6.0,30.298665,59.923581,3.24,54.0,197489.4,200654
815,170000.0,80.2,1.0,30.334391,59.987753,2.83,71.0,172000.0,200654
816,273168.0,80.5,12.0,30.322264,59.981276,2.42,115.0,164638.8,200654
817,311415.0,80.6,15.0,30.201737,59.929804,13.96,17.0,202564.2,200654
823,418519.0,81.0,20.0,30.308223,59.904247,2.64,55.0,138030.0,200654
827,129470.0,81.1,4.0,30.263056,59.942913,7.15,36.0,222095.2,200654
828,70284.0,81.1,5.0,30.30755,59.958224,2.48,42.0,190489.4,200654
829,320592.0,81.1,9.0,30.096589,59.84277,25.89,18.0,190062.0,200654
831,250000.0,81.1,12.0,30.229064,59.936206,10.92,55.0,164638.8,200654
833,327575.0,81.27,9.0,30.288622,59.903823,4.58,42.0,190062.0,200654
836,75461.0,81.5,1.0,30.244308,60.072444,11.27,21.0,171952.0,200654
837,202454.0,81.5,4.0,30.34253,59.908222,2.21,79.0,211063.2,200654
843,250000.0,81.8,12.0,30.205959,60.029508,14.14,28.0,156152.4,200654
845,250915.0,82.0,5.0,30.267494,59.962724,6.78,27.0,172007.6,200654
850,254879.0,82.0,25.0,30.225039,60.035495,12.27,68.0,142800.0,200654
851,332895.0,82.1,1.0,30.245728,59.962048,9.16,41.0,165931.2,200654
852,218636.0,82.1,5.0,30.351684,59.924167,2.78,41.0,172007.6,200654
853,223237.0,82.2,13.0,30.41594,59.847268,11.01,41.0,156152.4,200654
855,364952.0,82.2,16.0,30.418851,59.970303,10.37,23.0,213379.8,200654
856,306897.0,82.24,9.0,30.404316,59.938175,8.57,17.0,191162.0,200654
857,425274.0,82.3,25.0,30.426684,59.902826,11.2,28.0,142800.0,200654
858,387879.0,82.5,6.0,30.35693,59.953822,3.44,38.0,164944.4,200654
859,198916.0,82.95,18.0,30.15083,59.793487,20.49,18.0,142589.8,200654
860,235000.0,82.99,5.0,30.387724,60.026051,8.34,50.0,193979.2,200654
861,307229.0,83.0,5.0,30.437455,59.880356,12.64,25.0,193979.2,200654
862,300000.0,83.0,10.0,30.341533,59.966953,2.29,56.0,163912.0,200654
863,447848.0,83.0,11.0,30.322264,59.981276,2.42,115.0,160214.4,200654
865,198796.0,83.0,25.0,30.377618,59.802418,9.1,22.0,124809.4,200654
866,263856.0,83.0,25.0,30.452511,59.861711,14.55,25.0,124809.4,200654
870,332895.0,83.8,1.0,30.245728,59.962048,9.16,41.0,129178.0,200654
871,321429.0,84.0,15.0,30.103587,59.843326,25.12,23.0,173105.8,200654
872,305615.0,84.01,1.0,30.35128,59.967502,3.16,57.0,129178.0,200654
873,450000.0,84.02,11.0,30.338083,59.880582,3.1,19.0,168308.0,200654
874,100592.0,84.5,1.0,30.297354,59.856795,5.15,39.0,129178.0,200654
883,195000.0,85.2,25.0,30.479038,60.008378,17.4,32.0,124249.4,200654
885,169474.0,85.5,5.0,30.29739,59.95402,3.45,48.0,152800.0,200654
887,164336.0,85.8,1.0,30.32221,59.916649,1.12,36.0,129178.0,200654
890,261628.0,86.0,4.0,30.087049,59.849609,26.9,12.0,156000.0,200654
891,166280.0,86.0,5.0,30.268482,59.937675,6.54,27.0,152800.0,200654
897,166474.0,86.2,1.0,30.346276,59.932374,2.12,31.0,136178.0,200654
900,277137.0,86.6,9.0,30.248189,59.936846,8.79,49.0,135650.0,200654
901,222756.0,87.0,13.0,30.336987,60.029162,4.99,58.0,179038.0,200654
902,339081.0,87.0,24.0,30.344947,59.906359,2.49,71.0,139870.4,200654
903,309989.0,87.1,5.0,30.373612,59.936589,5.15,42.0,181800.0,200654
904,234554.0,87.4,27.0,30.311826,60.069068,7.0,57.0,167220.8,200654
905,285063.0,87.7,1.0,30.373612,59.936589,5.15,42.0,116178.0,200654
906,142370.0,87.8,5.0,30.167826,59.830572,18.29,38.0,248999.0,200654
909,323000.0,88.1,10.0,30.432721,59.883137,12.09,24.0,183510.0,200654
912,299726.0,88.35,1.0,30.35128,59.967502,3.16,57.0,126580.0,200654
914,417662.0,88.5,12.0,30.326262,59.985057,2.56,86.0,176350.0,200654
915,343116.0,88.6,13.0,30.264044,59.949474,7.06,38.0,157038.0,200654
917,150000.0,89.0,1.0,30.418779,59.87924,10.65,21.0,123760.0,200654
919,280787.0,89.0,7.0,30.437913,59.867692,12.89,19.0,264659.0,200654
920,168540.0,89.0,12.0,30.49413,59.896973,18.69,27.0,157038.0,200654
921,287064.0,89.0,16.0,30.258906,60.070796,10.0,12.0,170038.0,200654
922,295332.0,89.0,23.0,30.443869,59.900128,13.12,22.0,173820.8,200654
923,294321.0,89.1,23.0,30.443869,59.900128,13.12,22.0,168008.8,200654
926,218610.0,89.2,8.0,30.287922,60.019972,6.06,68.0,264659.0,200654
927,166667.0,89.4,5.0,30.325543,59.926372,0.5,26.0,248999.0,200654
930,155618.0,89.9,1.0,30.21664,59.958814,12.35,82.0,131580.0,200654
932,443334.0,90.0,4.0,30.325821,59.925723,0.53,27.0,190599.0,200654
935,322223.0,90.0,5.0,30.363694,59.930872,4.06,38.0,224599.0,200654
936,214003.0,90.0,15.0,30.255618,60.06975,10.24,10.0,167350.0,200654
942,343300.0,90.09,9.0,30.404316,59.938175,8.57,17.0,231659.0,200654
943,346500.0,90.17,9.0,30.307568,59.985804,3.36,61.0,165460.0,200654
944,310422.0,90.2,20.0,30.22804,60.03327,11.93,76.0,265588.0,200654
945,211000.0,90.2,25.0,30.479038,60.008378,17.4,32.0,166220.8,200654
946,255292.0,90.3,18.0,30.303382,59.997644,4.11,61.0,255800.0,200654
948,300111.0,90.37,25.0,30.300489,59.999093,4.37,77.0,166220.8,200654
951,315000.0,90.7,1.0,30.320899,59.902298,1.84,51.0,169100.0,200654
952,214003.0,90.8,15.0,30.255618,60.06975,10.24,10.0,174350.0,200654
953,351649.0,91.0,2.0,30.345162,59.748423,9.99,1.0,169100.0,200654
957,132531.0,91.3,1.0,30.373172,59.935232,5.1,54.0,169100.0,200654
959,250000.0,91.6,25.0,30.207702,60.004708,13.66,106.0,164599.8,200654
960,350191.0,91.75,18.0,30.194542,59.942894,14.76,20.0,255800.0,200654
961,450000.0,91.8,11.0,30.338083,59.880582,3.1,19.0,200610.0,200654
962,179348.0,92.0,1.0,30.387931,59.946626,6.77,24.0,169100.0,200654
967,400000.0,92.1,11.0,30.338083,59.880582,3.1,19.0,200610.0,200654
969,340000.0,92.88,11.0,30.378714,60.018349,7.26,41.0,177000.0,200654
972,268241.0,93.2,15.0,30.252896,59.955939,8.33,52.0,138800.0,200654
973,336910.0,93.2,19.0,30.313398,59.887178,2.9,91.0,256800.0,200654
974,175000.0,93.3,14.0,30.362015,59.807106,7.84,23.0,128000.0,200654
976,310000.0,93.5,25.0,30.220988,59.861973,12.29,35.0,217883.8,200654
977,362704.0,93.52,18.0,30.194542,59.942894,14.76,20.0,141400.0,200654
981,321128.0,94.0,9.0,30.288622,59.903823,4.58,42.0,211484.8,200654
984,339533.0,94.1,19.0,30.184849,59.942245,15.84,15.0,149200.0,200654
985,339533.0,94.1,19.0,30.184849,59.942245,15.84,15.0,149200.0,200654
987,305000.0,94.2,25.0,30.220961,59.862483,12.29,34.0,207884.0,200654
988,264582.0,94.3,25.0,30.196985,59.994346,14.72,71.0,207884.0,200654
989,190000.0,94.4,25.0,30.479038,60.008378,17.4,32.0,207884.0,200654
990,319226.0,94.56,9.0,30.288622,59.903823,4.58,42.0,211484.8,200654
991,205074.0,94.6,1.0,30.342261,59.925435,1.75,76.0,227460.0,200654
997,180000.0,95.2,14.0,30.485928,60.005072,18.11,30.0,136800.0,200654
1001,210000.0,95.55,5.0,30.387724,60.026051,8.34,50.0,208922.0,200654
1002,193515.0,95.6,10.0,30.49413,59.896973,18.69,27.0,198284.8,200654
1004,370000.0,95.8,7.0,30.304226,59.910343,2.86,65.0,161122.0,200654
1006,367200.0,95.82,7.0,30.268635,59.943372,6.53,33.0,161122.0,200654
1008,228125.0,96.0,1.0,30.307235,59.928952,2.25,39.0,198070.6,200654
1017,350000.0,96.43,5.0,30.387724,60.026051,8.34,50.0,150402.0,200654
1018,198000.0,96.57,5.0,30.308322,59.754121,9.41,12.0,150402.0,200654
1020,178904.0,96.7,4.0,30.158834,59.998405,18.92,17.0,224480.0,200654
1021,246588.0,96.93,24.0,30.303382,59.997644,4.11,61.0,201884.0,200654
1022,290104.0,96.93,25.0,30.300489,59.999093,4.37,77.0,201164.0,200654
1023,292422.0,97.0,13.0,30.379523,60.017063,7.29,42.0,165400.0,200654
1025,123702.0,97.0,26.0,30.428607,60.033185,12.54,52.0,201164.0,200654
1026,307930.0,97.1,1.0,30.405727,60.032919,10.25,65.0,198070.6,200654
1027,321051.0,97.3,9.0,30.31082,59.904775,2.4,54.0,194284.8,200654
1029,350000.0,97.36,5.0,30.387724,60.026051,8.34,50.0,142480.0,200654
1030,170000.0,97.5,2.0,30.082621,59.724677,28.29,47.0,186990.6,200654
1031,170000.0,97.5,2.0,30.084013,59.724491,28.15,48.0,186990.6,200654
1035,340000.0,97.62,13.0,30.378714,60.018349,7.26,41.0,165400.0,200654
1037,366327.0,98.0,8.0,30.317844,59.907338,1.78,53.0,174000.0,200654
1039,204082.0,98.0,12.0,30.286565,60.020381,6.18,58.0,202000.0,200654
1040,206619.0,98.0,13.0,30.194928,60.03625,15.38,5.0,192400.0,200654
1042,198006.0,98.0,24.0,30.511773,59.866274,20.93,17.0,201164.0,200654
1043,255103.0,98.0,25.0,30.375507,59.802929,8.92,26.0,201164.0,200654
1044,186545.0,98.1,23.0,30.447813,59.95593,13.45,16.0,215884.0,200654
1045,74263.0,98.3,1.0,30.359356,59.957796,3.76,41.0,126710.6,200654
1046,301830.0,98.4,5.0,30.318985,59.906504,1.74,47.0,182288.0,200654
1047,420102.0,98.6,25.0,30.304289,60.000857,4.17,65.0,188504.0,200654
1048,346500.0,98.76,9.0,30.307568,59.985804,3.36,61.0,155600.0,200654
1049,353536.0,99.0,9.0,30.370782,59.925096,4.87,58.0,155600.0,200654
1051,76613.0,99.2,1.0,30.29138,59.918296,4.08,59.0,134800.0,200654
1052,275000.0,99.2,4.0,30.359356,59.921692,3.64,44.0,234888.0,200654
1053,450000.0,99.27,11.0,30.338083,59.880582,3.1,19.0,176600.0,200654
1054,296483.0,99.5,23.0,30.196428,59.938491,14.55,17.0,179540.0,200654
1056,450000.0,99.8,11.0,30.338083,59.880582,3.1,19.0,177140.0,200654
1057,300101.0,99.92,25.0,30.300489,59.999093,4.37,77.0,188504.0,200654
1058,255086.0,99.92,25.0,30.303382,59.997644,4.11,61.0,188504.0,200654
1071,179900.0,100.0,8.0,30.304379,59.919107,2.68,69.0,131600.0,200654
1073,380000.0,100.0,9.0,30.370782,59.925096,4.87,58.0,150400.0,200654
1074,285000.0,100.0,19.0,30.196428,59.938491,14.55,17.0,171480.0,200654
1082,175000.0,101.2,14.0,30.479038,60.008378,17.4,32.0,169020.0,200654
1083,350000.0,101.3,5.0,30.387724,60.026051,8.34,50.0,209000.0,200654
1084,380000.0,101.33,10.0,30.341533,59.966953,2.29,56.0,121040.0,200654
1085,205000.0,101.49,5.0,30.387724,60.026051,8.34,50.0,209000.0,200654
1086,350000.0,101.58,5.0,30.387724,60.026051,8.34,50.0,209000.0,200654
1087,189951.0,101.6,25.0,30.367872,59.810098,8.08,32.0,164820.0,200654
1088,330099.0,101.72,17.0,30.303211,59.999147,4.18,65.0,173680.0,200654
1090,146079.0,102.0,5.0,30.288658,59.912589,4.44,52.0,194800.0,200654
1092,298528.0,102.0,10.0,30.288416,59.911538,4.48,47.0,121580.0,200654
1093,285839.0,102.0,26.0,30.451577,59.899004,13.98,34.0,164820.0,200654
1094,107213.0,102.6,1.0,30.38167,59.933947,6.05,63.0,172881.4,200654
1095,380000.0,102.71,9.0,30.264862,59.93502,6.94,31.0,178740.0,200654
1097,197554.0,103.0,13.0,30.194928,60.03625,15.38,5.0,168980.0,200654
1098,204973.0,103.0,13.0,30.19579,60.036443,15.29,6.0,168980.0,200654
1100,390000.0,103.11,9.0,30.264862,59.93502,6.94,31.0,205624.0,200654
1103,450000.0,103.4,11.0,30.338083,59.880582,3.1,19.0,181664.0,200654
1106,110481.0,104.0,1.0,30.326441,60.002279,3.44,77.0,118281.4,200654
1109,423077.0,104.0,8.0,30.297219,59.960309,3.57,44.0,258967.0,200654
1110,315608.0,104.0,11.0,30.306768,59.903927,2.78,54.0,181664.0,200654
1113,171429.0,105.0,4.0,30.345854,59.917209,2.28,74.0,181143.0,200654
1115,260477.0,105.0,8.0,30.248189,59.936846,8.79,49.0,209244.0,200654
1120,113961.0,105.3,1.0,30.474753,59.873202,16.79,26.0,110281.4,200654
1121,202000.0,105.4,25.0,30.479038,60.008378,17.4,32.0,221040.0,200654
1122,365000.0,105.58,10.0,30.308116,59.986506,3.35,61.0,195524.0,200654
1128,225353.0,106.5,6.0,30.255079,59.947306,8.05,57.0,234384.0,200654
1129,369015.0,106.5,19.0,30.184849,59.942245,15.84,15.0,251571.2,200654
1131,201500.0,106.7,13.0,30.336574,59.988469,2.95,66.0,183900.0,200654
1135,242000.0,107.5,12.0,30.229064,59.936206,10.92,55.0,215900.0,200654
1136,277882.0,107.6,1.0,30.349869,59.928541,2.54,27.0,190300.0,200654
1144,197798.0,108.0,13.0,30.194928,60.03625,15.38,5.0,178100.0,200654
1146,319445.0,108.0,13.0,30.207711,60.030578,13.97,26.0,178100.0,200654
1147,295274.0,108.0,26.0,30.451577,59.899004,13.98,34.0,216840.0,200654
1148,351348.0,108.1,1.0,30.310128,59.987226,3.25,84.0,190300.0,200654
1156,280514.0,109.0,13.0,30.379523,60.017063,7.29,42.0,169500.0,200654
1159,225625.0,109.33,1.0,30.288496,59.911759,4.47,46.0,189100.0,200654
1162,211800.0,109.8,12.0,30.344551,59.902406,2.59,65.0,219300.0,200654
1164,124546.0,110.0,1.0,30.297974,59.9308,3.27,53.0,176900.0,200654
1165,227273.0,110.0,2.0,30.364781,60.052272,7.5,41.0,215900.0,200654
1167,170910.0,110.0,4.0,30.323504,59.917042,1.03,38.0,255400.0,200654
1169,263637.0,110.0,5.0,30.244138,59.932392,9.25,44.0,268300.0,200654
1172,393637.0,110.0,5.0,30.380062,59.941493,5.88,40.0,268300.0,200654
1173,107273.0,110.0,5.0,30.428894,59.716433,16.71,13.0,276800.0,200654
1175,122728.0,110.0,9.0,30.41153,59.951132,9.41,25.0,217640.0,200654
1176,244091.0,110.0,13.0,30.2026,60.030245,14.5,18.0,204100.0,200654
1182,271740.0,110.4,23.0,30.447022,59.899211,13.48,26.0,228300.0,200654
1185,325204.0,110.7,25.0,30.269021,60.057774,8.79,34.0,228300.0,200654
1186,380000.0,110.96,10.0,30.341533,59.966953,2.29,56.0,253160.0,200654
1187,338375.0,111.0,1.0,30.245728,59.962048,9.16,41.0,179300.0,200654
1189,88289.0,111.0,1.0,30.369471,59.932184,4.7,54.0,179300.0,200654
1191,355103.0,111.0,19.0,30.311502,59.899081,2.55,64.0,243100.0,200654
1192,141442.0,111.0,20.0,30.317961,60.069598,6.93,47.0,240000.0,200654
1194,166367.0,111.2,1.0,30.213846,59.95229,12.64,69.0,179300.0,200654
1195,280000.0,111.32,10.0,30.341533,59.966953,2.29,56.0,232040.0,200654
1196,223614.0,111.8,6.0,30.289224,59.922914,4.28,71.0,212198.4,200654
1197,222720.0,111.8,6.0,30.289224,59.922914,4.28,71.0,212198.4,200654
1198,178732.0,111.9,1.0,30.281606,59.918733,5.14,30.0,179300.0,200654
1199,178723.0,111.9,1.0,30.314817,59.904189,2.11,72.0,179300.0,200654
1201,312500.0,112.0,4.0,30.314161,59.935858,1.46,29.0,301398.4,200654
1203,312500.0,112.0,5.0,30.314161,59.935858,1.46,29.0,263198.4,200654
1204,312500.0,112.0,5.0,30.314161,59.935858,1.46,29.0,263198.4,200654
1208,303572.0,112.0,26.0,30.236304,60.034915,11.13,83.0,180800.0,200654
1211,235976.0,112.3,25.0,30.312185,60.056481,6.37,77.0,180800.0,200654
1212,290090.0,112.32,17.0,30.303211,59.999147,4.18,65.0,256440.0,200654
1213,322432.0,112.4,1.0,30.245728,59.962048,9.16,41.0,200388.0,200654
1214,257549.0,112.6,14.0,30.317521,59.855398,4.23,68.0,159440.0,200654
1219,286597.0,113.4,2.0,30.382685,59.851973,7.64,75.0,175904.0,200654
1221,270000.0,113.45,11.0,30.378714,60.018349,7.26,41.0,221040.0,200654
1224,393058.0,113.8,10.0,30.15012,59.861038,19.94,73.0,203232.0,200654
1226,197483.0,114.0,13.0,30.194928,60.03625,15.38,5.0,213710.0,200654
1228,192814.0,114.1,5.0,30.330591,59.923054,0.74,33.0,232675.2,200654
1234,234783.0,115.0,14.0,30.41594,59.847268,11.01,41.0,231710.0,200654
1237,303215.0,115.1,5.0,30.300956,59.956674,3.12,35.0,167754.8,200654
1240,164788.0,115.3,1.0,30.358852,59.943012,3.53,34.0,182744.8,200654
1241,294500.0,115.3,4.0,30.109642,59.83328,24.52,31.0,142338.8,200654
1243,239200.0,115.5,14.0,30.407442,59.984908,9.32,13.0,231710.0,200654
1244,189000.0,115.63,5.0,30.308322,59.754121,9.41,12.0,172878.0,200654
1245,309483.0,116.0,5.0,30.300956,59.956674,3.12,35.0,172878.0,200654
1247,310880.0,116.09,19.0,30.184849,59.942245,15.84,15.0,202820.0,200654
1248,180018.0,116.1,14.0,30.361844,59.809202,7.74,24.0,231710.0,200654
1251,283019.0,116.6,13.0,30.450526,60.002697,14.23,9.0,244410.0,200654
1255,275941.0,117.0,13.0,30.379523,60.017063,7.29,42.0,316150.0,200654
1256,258823.0,117.0,16.0,30.258906,60.070796,10.0,12.0,262690.0,200654
1265,199500.0,118.7,4.0,30.109642,59.83328,24.52,31.0,322742.4,200654
1267,239094.0,119.2,6.0,30.346096,59.918652,2.27,73.0,467100.0,200654
1269,420084.0,119.5,25.0,30.295422,59.999638,4.78,69.0,210000.0,200654
1270,330084.0,119.59,17.0,30.303211,59.999147,4.18,65.0,215244.0,200654
1271,112500.0,120.0,1.0,30.297974,59.9308,3.27,53.0,121606.0,200654
1281,182197.0,120.2,1.0,30.359104,59.921295,3.62,44.0,121606.0,200654
1282,275500.0,120.4,4.0,30.109642,59.83328,24.52,31.0,264600.0,200654
1286,372943.0,121.0,3.0,30.245566,59.963066,9.18,40.0,160808.0,200654
1287,250000.0,121.0,4.0,30.430933,59.925335,11.54,27.0,264600.0,200654
1289,231603.0,121.0,13.0,30.19579,60.036443,15.29,6.0,232869.0,200654
1290,256199.0,121.0,24.0,30.316856,59.855877,4.22,71.0,210000.0,200654
1292,347108.0,121.0,26.0,30.340985,60.075016,7.44,51.0,200000.0,200654
1294,343200.0,121.5,9.0,30.307568,59.985804,3.36,61.0,401240.0,200654
1295,198100.0,121.7,13.0,30.341578,59.902217,2.35,66.0,232869.0,200654
1298,40164.0,122.0,5.0,30.342692,59.91692,1.97,79.0,486676.8,200654
1302,134365.0,122.8,1.0,30.325211,59.91784,0.93,38.0,96146.0,200654
1306,300081.0,123.69,25.0,30.300489,59.999093,4.37,77.0,198000.0,200654
1307,209800.0,123.7,13.0,30.341578,59.902217,2.35,66.0,206897.0,200654
1308,95000.0,123.9,1.0,30.41153,59.951132,9.41,25.0,141914.0,200654
1310,135000.0,124.0,27.0,30.317961,60.069598,6.93,47.0,200000.0,200654
1311,368623.0,124.7,1.0,30.310128,59.987226,3.25,84.0,118108.0,200654
1312,144231.0,124.8,1.0,30.278363,59.915269,5.53,28.0,118108.0,200654
1319,295000.0,125.4,18.0,30.443869,59.900128,13.12,22.0,230624.0,200654
1320,310208.0,125.4,23.0,30.402879,60.006246,9.27,36.0,210068.0,200654
1323,161000.0,126.0,12.0,30.485775,60.003943,18.08,29.0,187892.0,200654
1325,296678.0,126.4,1.0,30.289467,59.95584,4.32,74.0,118108.0,200654
1326,196019.0,126.4,2.0,30.362284,60.043413,6.94,52.0,118108.0,200654
1327,450000.0,126.47,11.0,30.338083,59.880582,3.1,19.0,187892.0,200654
1331,216366.0,127.1,18.0,30.365814,59.988185,5.13,61.0,289800.0,200654
1334,357085.0,127.6,1.0,30.310128,59.987226,3.25,84.0,139594.0,200654
1336,226485.0,128.0,5.0,30.357137,59.918201,3.44,32.0,159202.0,200654
1337,320225.0,128.0,5.0,30.387724,60.026051,8.34,50.0,159202.0,200654
1338,404510.0,128.0,10.0,30.370387,59.940776,4.8,31.0,257948.0,200654
1340,330000.0,128.09,5.0,30.387724,60.026051,8.34,50.0,159202.0,200654
1341,301457.0,128.1,1.0,30.245728,59.962048,9.16,41.0,145802.0,200654
1342,225000.0,128.32,5.0,30.308322,59.754121,9.41,12.0,159202.0,200654
1343,370063.0,128.6,6.0,30.30552,59.906639,2.82,58.0,228000.0,200654
1344,340016.0,128.7,6.0,30.30552,59.906639,2.82,58.0,228000.0,200654
1346,231783.0,129.0,13.0,30.41594,59.847268,11.01,41.0,242834.0,200654
1348,178019.0,129.2,1.0,30.341578,59.923369,1.71,79.0,222600.0,200654
1349,230355.0,129.8,13.0,30.41594,59.847268,11.01,41.0,242834.0,200654
1350,230355.0,129.8,13.0,30.41594,59.847268,11.01,41.0,242834.0,200654
1352,65385.0,130.0,1.0,30.334275,59.851896,4.4,50.0,217100.0,200654
1358,262998.0,130.1,26.0,30.363012,60.044469,7.04,52.0,263416.0,200654
1360,301457.0,130.4,1.0,30.245728,59.962048,9.16,41.0,217100.0,200654
1361,82823.0,130.4,1.0,30.48715,59.964341,17.86,25.0,217100.0,200654
1363,206900.0,130.7,12.0,30.229064,59.936206,10.92,55.0,249046.0,200654
1367,110000.0,131.0,14.0,30.2374,60.06923,11.8,33.0,253046.0,200654
1370,311480.0,131.63,2.0,30.082621,59.724677,28.29,47.0,220500.0,200654
1371,383191.0,131.71,19.0,30.184849,59.942245,15.84,15.0,250600.0,200654
1372,383191.0,131.71,19.0,30.184849,59.942245,15.84,15.0,250600.0,200654
1374,331819.0,132.0,5.0,30.322066,59.926805,0.73,30.0,198998.4,200654
1379,174007.0,132.7,15.0,30.255618,60.06975,10.24,10.0,223046.0,200654
1383,235000.0,133.3,10.0,30.336574,59.988469,2.95,66.0,179746.0,200654
1384,420075.0,133.7,25.0,30.304289,60.000857,4.17,65.0,324772.0,200654
1388,184105.0,134.0,12.0,30.30755,59.897952,2.9,54.0,179746.0,200654
1391,88815.0,135.0,1.0,30.21664,59.958814,12.35,82.0,173000.0,200654
1397,317110.0,135.6,25.0,30.24624,60.009593,9.67,100.0,286846.0,200654
1399,420000.0,136.1,7.0,30.325013,59.858073,3.99,41.0,202260.0,200654
1400,227774.0,136.1,10.0,30.264044,59.949474,7.06,38.0,215060.0,200654
1402,290074.0,136.46,17.0,30.303211,59.999147,4.18,65.0,297012.0,200654
1403,246563.0,136.46,18.0,30.303382,59.997644,4.11,61.0,294800.0,200654
1404,167884.0,137.0,1.0,30.349959,59.929182,2.54,27.0,184190.0,200654
1405,135000.0,137.0,2.0,30.084013,59.724491,28.15,48.0,207544.0,200654
1406,135000.0,137.0,2.0,30.084013,59.724491,28.15,48.0,207544.0,200654
1408,235344.0,137.0,16.0,30.334391,59.987753,2.83,71.0,280600.0,200654
1410,235000.0,137.2,17.0,30.334391,59.987753,2.83,71.0,318649.8,200654
1412,260000.0,137.5,4.0,30.267494,59.962724,6.78,27.0,247544.0,200654
1414,360000.0,137.87,9.0,30.307568,59.985804,3.36,61.0,384120.0,200654
1416,97754.0,138.0,1.0,30.361503,59.946211,3.85,40.0,217990.0,200654
1423,368623.0,139.8,1.0,30.310128,59.987226,3.25,84.0,233800.0,200654
1424,55715.0,140.0,1.0,30.353795,59.946302,3.0,29.0,233800.0,200654
1432,266525.0,140.7,9.0,30.262823,60.110679,11.08,6.0,412000.0,200654
1433,212766.0,141.0,22.0,30.153722,59.853442,19.6,91.0,237540.0,200654
1434,212766.0,141.0,26.0,30.153722,59.853442,19.6,91.0,272540.0,200654
1437,161268.0,142.0,14.0,30.361844,59.809202,7.74,24.0,369464.8,200654
1439,276871.0,142.63,9.0,30.288622,59.903823,4.58,42.0,407680.0,200654
1440,237763.0,143.0,2.0,30.364781,60.052272,7.5,41.0,239800.0,200654
1441,250000.0,143.0,4.0,30.430933,59.925335,11.54,27.0,322005.0,200654
1442,261146.0,143.0,13.0,30.379523,60.017063,7.29,42.0,362664.8,200654
1444,107816.0,143.3,15.0,30.235388,60.069036,11.97,33.0,362664.8,200654
1446,250640.0,143.63,18.0,30.303382,59.997644,4.11,61.0,277664.8,200654
1447,246700.0,143.9,6.0,30.326998,59.956444,1.08,33.0,454005.0,200654
1449,229167.0,144.0,8.0,30.327079,59.961854,1.36,38.0,473005.0,200654
1450,420070.0,144.6,25.0,30.304289,60.000857,4.17,65.0,216678.0,200654
1452,332414.0,145.0,5.0,30.322066,59.926805,0.73,30.0,449005.0,200654
1453,254997.0,145.1,5.0,30.316138,59.911854,1.73,55.0,449005.0,200654
1454,350000.0,145.3,21.0,30.306849,59.998058,3.9,62.0,249449.8,200654
1457,74075.0,145.8,8.0,30.25551,59.937269,7.98,48.0,473005.0,200654
1458,165000.0,145.8,9.0,30.157064,59.840438,19.34,87.0,473005.0,200654
1461,297946.0,146.0,14.0,30.41594,59.847268,11.01,41.0,237322.2,200654
1464,300000.0,147.0,6.0,30.302869,59.960877,3.0,43.0,473005.0,200654
1465,234967.0,147.0,10.0,30.276378,60.057011,8.21,29.0,369820.0,200654
1468,193054.0,147.3,2.0,30.362284,60.043413,6.94,52.0,265253.4,200654
1469,194977.0,147.3,5.0,30.362284,60.043413,6.94,52.0,441885.0,200654
1470,350000.0,147.9,8.0,30.333816,59.918467,1.14,54.0,492000.0,200654
1472,210284.0,148.0,16.0,30.258906,60.070796,10.0,12.0,254507.2,200654
1474,133827.0,148.7,4.0,30.263056,59.942913,7.15,36.0,410000.0,200654
1475,300000.0,148.8,11.0,30.331741,59.977012,2.21,75.0,361500.0,200654
1477,187827.0,149.0,13.0,30.194928,60.03625,15.38,5.0,360207.2,200654
1478,200804.0,149.4,3.0,30.378984,59.858367,7.1,90.0,385000.0,200654
1479,160000.0,149.79,2.0,30.084013,59.724491,28.15,48.0,287253.4,200654
1480,159883.0,149.9,2.0,30.082621,59.724677,28.29,47.0,287253.4,200654
1481,55334.0,150.0,1.0,30.383466,59.991187,6.94,82.0,269653.4,200654
1482,340000.0,150.0,2.0,30.257136,60.028474,8.98,70.0,287253.4,200654
1498,229389.0,150.4,13.0,30.41594,59.847268,11.01,41.0,342207.2,200654
1499,346402.0,150.6,3.0,30.316165,59.92832,1.29,32.0,385000.0,200654
1500,280000.0,150.6,3.0,30.316165,59.92832,1.29,32.0,385000.0,200654
1501,75597.0,150.8,1.0,30.244308,60.072444,11.27,21.0,269653.4,200654
1503,135431.0,151.0,1.0,30.358493,59.918151,3.59,36.0,195400.0,200654
1506,209431.0,151.1,1.0,30.333556,59.984922,2.66,69.0,195400.0,200654
1507,132357.0,151.1,4.0,30.254271,59.89765,8.32,20.0,438090.0,200654
1508,125579.0,151.3,1.0,30.319309,59.931265,0.91,18.0,195400.0,200654
1509,155218.0,151.4,4.0,30.307675,59.922088,2.28,57.0,438090.0,200654
1512,310000.0,151.93,9.0,30.307568,59.985804,3.36,61.0,319600.0,200654
1513,263158.0,152.0,1.0,30.303399,59.9201,2.77,65.0,195400.0,200654
1516,226974.0,152.0,13.0,30.41594,59.847268,11.01,41.0,360700.0,200654
1518,176974.0,152.0,16.0,30.3223,60.029413,4.85,89.0,273507.2,200654
1519,226959.0,152.01,13.0,30.41594,59.847268,11.01,41.0,360700.0,200654
1520,75509.0,152.3,7.0,30.413299,59.958809,9.65,26.0,317690.0,200654
1521,98033.0,152.5,1.0,30.41374,59.721193,15.29,17.0,195400.0,200654
1522,156863.0,153.0,1.0,30.289188,60.003637,5.42,70.0,195400.0,200654
1523,248367.0,153.0,5.0,30.306247,59.929037,2.36,40.0,326088.6,200654
1528,215405.0,153.2,18.0,30.159633,59.865325,18.88,86.0,275850.0,200654
1530,377114.0,153.8,1.0,30.362374,59.937121,3.9,32.0,232400.0,200654
1532,250000.0,154.5,12.0,30.205959,60.029508,14.14,28.0,319900.0,200654
1533,173549.0,155.0,25.0,30.382658,59.803671,9.43,14.0,161650.0,200654
1534,251613.0,155.0,26.0,30.380852,59.924001,5.99,65.0,161650.0,200654
1535,261430.0,155.3,3.0,30.328489,59.999597,3.31,77.0,319998.6,200654
1536,225371.0,155.3,17.0,30.311143,60.014832,4.41,53.0,233850.0,200654
1541,124200.0,156.2,1.0,30.398801,59.844981,9.38,42.0,339600.0,200654
1542,287540.0,156.5,1.0,30.296473,59.918647,3.53,55.0,339600.0,200654
1544,319489.0,156.5,4.0,30.296653,59.918404,3.51,54.0,405998.6,200654
1545,223500.0,156.6,16.0,30.409338,60.006125,9.93,33.0,201200.0,200654
1546,178344.0,157.0,4.0,30.345854,59.917209,2.28,74.0,325998.6,200654
1548,315287.0,157.0,5.0,30.369551,59.931693,4.71,58.0,325998.6,200654
1549,189809.0,157.0,19.0,30.236304,60.034915,11.13,83.0,197970.0,200654
1550,174937.0,157.2,3.0,30.361889,59.900006,4.29,31.0,405998.6,200654
1552,139594.0,157.6,2.0,30.345432,59.973577,2.84,58.0,360000.0,200654
1553,234623.0,157.7,11.0,30.26938,59.850595,7.64,27.0,212350.0,200654
1556,72464.0,158.7,1.0,30.284526,59.920082,4.81,50.0,360000.0,200654
1558,149057.0,159.0,15.0,30.359041,59.808794,7.59,19.0,212350.0,200654
1560,120000.0,159.2,1.0,30.418779,59.87924,10.65,21.0,381760.0,200654
1562,292241.0,159.8,25.0,30.330511,60.028928,4.85,65.0,231958.0,200654
1567,168750.0,160.0,20.0,30.433565,59.935205,11.82,38.0,232958.0,200654
1569,168225.0,160.5,12.0,30.433565,59.935205,11.82,38.0,214950.0,200654
1570,168225.0,160.5,13.0,30.433565,59.935205,11.82,38.0,214950.0,200654
1574,206312.0,162.0,4.0,30.368985,59.751533,10.88,72.0,281860.0,200654
1575,237038.0,162.0,5.0,30.306553,59.970736,2.91,58.0,312896.8,200654
1577,115433.0,162.0,6.0,30.456149,59.865862,14.88,24.0,312896.8,200654
1580,205172.0,162.9,4.0,30.368985,59.751533,10.88,72.0,281860.0,200654
1581,293399.0,163.6,12.0,30.327582,60.033499,5.06,97.0,266950.0,200654
1582,231708.0,164.0,1.0,30.41126,59.928217,9.35,42.0,265000.0,200654
1585,134147.0,164.0,5.0,30.442773,59.885616,13.15,17.0,272100.0,200654
1587,407295.0,164.5,19.0,30.203112,59.930791,13.81,20.0,228308.0,200654
1588,151516.0,165.0,4.0,30.314521,59.914434,1.78,57.0,271600.0,200654
1591,333313.0,165.1,1.0,30.245728,59.962048,9.16,41.0,207800.0,200654
1592,250000.0,165.45,10.0,30.341533,59.966953,2.29,56.0,318800.0,200654
1593,362319.0,165.6,11.0,30.329451,59.985462,2.6,84.0,318800.0,200654
1595,57126.0,166.3,1.0,30.22883,59.960179,11.01,75.0,184800.0,200654
1597,188364.0,167.0,13.0,30.194928,60.03625,15.38,5.0,257400.0,200654
1598,260327.0,167.0,13.0,30.379523,60.017063,7.29,42.0,257400.0,200654
1600,200000.0,168.0,1.0,30.345764,59.908561,2.49,76.0,300800.0,200654
1603,245834.0,168.0,17.0,30.481796,60.007636,17.69,32.0,285720.0,200654
1605,301457.0,170.0,1.0,30.245728,59.962048,9.16,41.0,298800.0,200654
1607,327670.0,170.0,3.0,30.245566,59.963066,9.18,40.0,452399.8,200654
1610,352942.0,170.0,5.0,30.361134,59.940785,3.78,27.0,477259.8,200654
1615,305703.0,170.1,14.0,30.31329,59.866468,3.84,84.0,312900.0,200654
1616,260083.0,170.5,5.0,30.318617,59.855927,4.18,57.0,477259.8,200654
1622,172675.0,172.0,1.0,30.330996,59.957079,1.19,24.0,373952.0,200654
1623,393024.0,172.0,5.0,30.340563,59.925628,1.56,70.0,477259.8,200654
1625,114886.0,174.0,4.0,30.288838,59.985034,4.93,48.0,367212.0,200654
1628,171429.0,175.0,10.0,30.469974,59.911101,15.93,35.0,316476.0,200654
1632,293953.0,178.6,1.0,30.289467,59.95584,4.32,74.0,274000.0,200654
1633,111174.0,179.0,1.0,30.343132,60.036488,5.57,59.0,274000.0,200654
1636,135000.0,179.0,27.0,30.317961,60.069598,6.93,47.0,417427.4,200654
1637,267858.0,179.2,5.0,30.373612,59.936589,5.15,42.0,310423.0,200654
1640,288889.0,180.0,2.0,30.257136,60.028474,8.98,70.0,274000.0,200654
1641,361112.0,180.0,2.0,30.371384,59.936178,4.9,51.0,274000.0,200654
1650,301457.0,180.5,1.0,30.245728,59.962048,9.16,41.0,274000.0,200654
1651,209940.0,181.0,4.0,30.297372,59.919491,3.42,55.0,300423.0,200654
1653,212556.0,181.6,16.0,30.273171,59.963539,6.17,37.0,375895.4,200654
1655,164377.0,181.9,5.0,30.349348,59.924488,2.52,46.0,334423.0,200654
1656,247253.0,182.0,9.0,30.173844,59.82921,17.67,38.0,481675.0,200654
1660,179311.0,182.7,3.0,30.333466,60.039436,5.44,79.0,250424.0,200654
1661,245902.0,183.0,1.0,30.31108,59.870849,3.74,77.0,274000.0,200654
1664,220000.0,183.9,5.0,30.387724,60.026051,8.34,50.0,456275.0,200654
1665,173630.0,184.3,12.0,30.49413,59.896973,18.69,27.0,396095.4,200654
1666,206349.0,185.0,4.0,30.368985,59.751533,10.88,72.0,367250.0,200654
1667,432433.0,185.0,6.0,30.315913,59.851562,4.46,66.0,475475.0,200654
1669,205759.0,185.53,4.0,30.368985,59.751533,10.88,72.0,387250.0,200654
1672,129033.0,186.0,5.0,30.304424,59.919982,2.66,66.0,386600.0,200654
1675,276882.0,186.0,17.0,30.173755,59.832593,17.64,47.0,368995.4,200654
1676,166000.0,186.3,14.0,30.362015,59.807106,7.84,23.0,319995.4,200654
1678,402577.0,186.3,22.0,30.313955,59.851598,4.52,76.0,470095.4,200654
1679,402577.0,186.3,26.0,30.310523,59.874359,3.61,66.0,470095.4,200654
1680,213904.0,187.0,4.0,30.322255,60.014652,4.1,70.0,377250.0,200654
1681,298667.0,187.5,1.0,30.362949,59.931824,3.97,40.0,249250.0,200654
1682,285000.0,187.5,5.0,30.271976,59.884668,6.63,23.0,376600.0,200654
1683,159947.0,187.5,23.0,30.312113,60.053813,6.24,76.0,470095.4,200654
1685,263719.0,187.7,6.0,30.277789,59.905073,5.7,41.0,376600.0,200654
1686,204997.0,187.92,5.0,30.387724,60.026051,8.34,50.0,376600.0,200654
1688,200000.0,188.3,6.0,30.369012,59.929853,4.65,53.0,376600.0,200654
1689,240869.0,188.9,24.0,30.459545,59.897063,14.87,40.0,462400.0,200654
1695,184211.0,190.0,6.0,30.262346,59.872511,7.83,24.0,348320.0,200654
1700,135000.0,191.8,6.0,30.464324,59.962093,15.32,28.0,335280.0,200654
1702,259896.0,192.0,25.0,30.356625,59.839642,6.03,71.0,477864.0,200654
1704,259221.0,192.5,24.0,30.356625,59.839642,6.03,71.0,477864.0,200654
1705,254546.0,192.5,26.0,30.356625,59.839642,6.03,71.0,477864.0,200654
1706,177261.0,193.5,14.0,30.359041,59.808794,7.59,19.0,338900.0,200654
1711,258913.0,195.8,5.0,30.318572,59.856469,4.15,56.0,444630.8,200654
1712,53776.0,196.0,1.0,30.358287,59.810505,7.47,18.0,341500.0,200654
1715,149823.0,196.9,1.0,30.301675,59.959138,3.09,39.0,341500.0,200654
1717,333206.0,197.0,3.0,30.245566,59.963066,9.18,40.0,460784.8,200654
1721,306083.0,197.3,1.0,30.245728,59.962048,9.16,41.0,391500.0,200654
1724,256131.0,199.0,5.0,30.319848,59.855304,4.18,55.0,421284.8,200654
1725,253080.0,199.4,5.0,30.319848,59.855304,4.18,55.0,421284.8,200654
1738,110000.0,200.0,5.0,30.112121,59.846201,24.18,29.0,409986.8,200654
1740,360000.0,200.0,5.0,30.345773,59.924984,2.13,60.0,490186.8,200654
1745,225000.0,200.0,26.0,30.223467,59.940366,11.55,71.0,413132.0,200654
