,price_per_square,squares,max_floor,latitude,longitude,Nevskii prospekt,parkings_1km,rent_per_m,Primorsky,Tsentralny,Kalininsky,Krasnogvardeysky,Admiralteysky,Vyborgsky,Frunzensky,Nevsky,Petrogradsky,Vasileostrovsky,Krasnoselsky,Moskovsky,population,mean_distr_price_per_square
0,187500.0,4.0,1.0,30.463461,59.895551,15.32,36.0,20078.0,0,0,0,0,0,0,0,1,0,0,0,0,547896,229456.3777777778
1,136364.0,4.4,1.0,30.342404,59.905357,2.3,77.0,20078.0,0,0,0,0,0,0,1,0,0,0,0,0,413983,242403.375
2,291667.0,7.2,5.0,30.377268,59.933068,5.56,55.0,96430.0,0,1,0,0,0,0,0,0,0,0,0,0,200654,235314.1
3,33750.0,8.0,12.0,30.378678,59.855331,7.17,89.0,20500.0,0,0,0,0,0,0,1,0,0,0,0,0,413983,242403.375
4,350000.0,10.0,20.0,30.215787,60.003327,12.78,95.0,43200.0,1,0,0,0,0,0,0,0,0,0,0,0,699243,289144.3595505618
5,215518.0,11.6,4.0,30.305502,59.929623,2.44,43.0,16711.0,0,0,0,0,1,0,0,0,0,0,0,0,155981,239806.10465116278
6,200000.0,11.7,1.0,30.376316,59.924943,5.48,69.0,23600.0,0,1,0,0,0,0,0,0,0,0,0,0,200654,235314.1
7,241667.0,12.0,4.0,30.350795,59.921056,2.72,50.0,32220.0,0,1,0,0,0,0,0,0,0,0,0,0,200654,235314.1
8,266394.0,12.2,18.0,30.199994,59.860161,14.55,27.0,38200.0,0,0,0,0,0,0,0,0,0,0,1,0,431546,260245.32727272727
9,260000.0,12.84,5.0,30.387724,60.026051,8.34,50.0,38236.2,0,0,1,0,0,0,0,0,0,0,0,0,536794,273406.70454545453
10,307693.0,13.0,1.0,30.32893,59.915143,1.06,38.0,47000.0,0,0,0,0,1,0,0,0,0,0,0,0,155981,239806.10465116278
11,346154.0,13.0,3.0,30.339143,59.924325,1.44,65.0,17520.0,0,1,0,0,0,0,0,0,0,0,0,0,200654,235314.1
12,396154.0,13.0,5.0,30.359077,59.928843,3.55,34.0,38556.2,0,1,0,0,0,0,0,0,0,0,0,0,200654,235314.1
13,234616.0,13.0,9.0,30.376477,59.856176,6.94,83.0,44576.2,0,0,0,0,0,0,1,0,0,0,0,0,413983,242403.375
14,308089.0,13.6,5.0,30.411206,59.871997,9.97,31.0,38556.2,0,0,0,0,0,0,1,0,0,0,0,0,413983,242403.375
15,300000.0,14.0,1.0,30.286619,59.926706,4.54,76.0,47000.0,0,0,0,0,1,0,0,0,0,0,0,0,155981,239806.10465116278
17,253334.0,15.0,1.0,30.350274,59.916618,2.74,56.0,39400.0,0,1,0,0,0,0,0,0,0,0,0,0,200654,235314.1
18,170000.0,15.0,1.0,30.482389,59.885973,17.49,30.0,39400.0,0,0,0,0,0,0,0,1,0,0,0,0,547896,229456.3777777778
19,186000.0,15.0,6.0,30.311278,59.911475,2.16,57.0,326780.2,0,0,0,0,1,0,0,0,0,0,0,0,155981,239806.10465116278
20,237180.0,15.6,13.0,30.251845,60.015404,9.21,120.0,54339.8,1,0,0,0,0,0,0,0,0,0,0,0,699243,289144.3595505618
21,264706.0,17.0,1.0,30.288919,59.921615,4.32,67.0,25000.0,0,0,0,0,1,0,0,0,0,0,0,0,155981,239806.10465116278
22,350197.0,17.79,19.0,30.184849,59.942245,15.84,15.0,51200.0,0,0,0,0,0,0,0,0,0,1,0,0,206680,277233.406779661
23,316667.0,18.0,4.0,30.103452,59.836486,25.18,23.0,324228.0,0,0,0,0,0,0,0,0,0,0,1,0,431546,260245.32727272727
24,188334.0,18.0,6.0,30.355502,59.936819,3.14,22.0,325516.0,0,1,0,0,0,0,0,0,0,0,0,0,200654,235314.1
25,138889.0,18.0,8.0,30.314296,59.912774,1.85,61.0,50915.8,0,0,0,0,1,0,0,0,0,0,0,0,155981,239806.10465116278
26,202778.0,18.0,20.0,30.351316,60.078365,7.99,30.0,51200.0,0,0,0,0,0,1,0,0,0,0,0,0,541590,213930.27160493826
27,301887.0,18.55,12.0,30.312446,59.902154,2.36,67.0,50339.8,0,0,0,0,1,0,0,0,0,0,0,0,155981,239806.10465116278
28,322581.0,18.6,1.0,30.26444,59.942827,7.0,35.0,80400.0,0,0,0,0,0,0,0,0,0,1,0,0,206680,277233.406779661
29,287500.0,20.0,1.0,30.37009,59.932811,4.76,57.0,44600.0,0,1,0,0,0,0,0,0,0,0,0,0,200654,235314.1
30,267500.0,20.0,5.0,30.321033,59.94179,0.77,15.0,43600.0,0,1,0,0,0,0,0,0,0,0,0,0,200654,235314.1
31,118933.0,20.6,9.0,30.367467,60.051167,7.63,39.0,53999.8,0,0,0,0,0,1,0,0,0,0,0,0,541590,213930.27160493826
32,421297.0,21.6,9.0,30.383323,59.869142,7.19,94.0,53999.8,0,0,0,0,0,0,1,0,0,0,0,0,413983,242403.375
33,198238.0,22.7,1.0,30.361898,59.944111,3.88,37.0,54064.0,0,1,0,0,0,0,0,0,0,0,0,0,200654,235314.1
34,304055.0,23.68,12.0,30.312446,59.902154,2.36,67.0,66100.0,0,0,0,0,1,0,0,0,0,0,0,0,155981,239806.10465116278
35,300000.0,24.0,1.0,30.350857,59.9358,2.62,20.0,56072.0,0,1,0,0,0,0,0,0,0,0,0,0,200654,235314.1
36,300000.0,24.0,7.0,30.319848,59.855304,4.18,55.0,66400.0,0,0,0,0,0,0,0,0,0,0,0,1,335221,314777.01785714284
37,264228.0,24.6,4.0,30.29094,60.01074,5.51,84.0,55832.0,1,0,0,0,0,0,0,0,0,0,0,0,699243,289144.3595505618
38,272358.0,24.6,16.0,30.312446,59.905998,2.23,68.0,94240.0,0,0,0,0,1,0,0,0,0,0,0,0,155981,239806.10465116278
39,236221.0,25.4,5.0,30.297156,59.956899,3.52,48.0,64188.0,0,0,0,0,0,0,0,0,1,0,0,0,115757,268974.5714285714
40,221154.0,26.0,14.0,30.333619,59.982059,2.52,66.0,97140.0,0,0,0,0,0,1,0,0,0,0,0,0,541590,213930.27160493826
41,270000.0,26.08,5.0,30.308322,59.754121,9.41,12.0,61184.0,0,0,0,0,0,0,0,0,0,0,0,1,335221,314777.01785714284
42,147778.0,27.0,5.0,30.350274,59.916618,2.74,56.0,67820.0,0,1,0,0,0,0,0,0,0,0,0,0,200654,235314.1
43,440741.0,27.0,7.0,30.346016,59.92023,2.23,73.0,69396.0,0,1,0,0,0,0,0,0,0,0,0,0,200654,235314.1
44,379920.0,27.19,19.0,30.184849,59.942245,15.84,15.0,94240.0,0,0,0,0,0,0,0,0,0,1,0,0,206680,277233.406779661
45,428572.0,28.0,9.0,30.374124,59.869562,6.3,82.0,71100.0,0,0,0,0,0,0,1,0,0,0,0,0,413983,242403.375
46,351000.0,28.96,5.0,30.308322,59.754121,9.41,12.0,75796.0,0,0,0,0,0,0,0,0,0,0,0,1,335221,314777.01785714284
47,99656.0,29.0,1.0,30.388748,59.945855,6.86,24.0,103550.0,0,1,0,0,0,0,0,0,0,0,0,0,200654,235314.1
48,280822.0,29.2,5.0,30.357586,59.930962,3.38,23.0,75796.0,0,1,0,0,0,0,0,0,0,0,0,0,200654,235314.1
49,283334.0,30.0,1.0,30.246536,59.930264,8.98,44.0,101000.0,0,0,0,0,0,0,0,0,0,1,0,0,206680,277233.406779661
50,431894.0,30.1,5.0,30.31002,59.851467,4.67,80.0,70796.0,0,0,0,0,0,0,0,0,0,0,0,1,335221,314777.01785714284
51,197369.0,30.4,5.0,30.442773,59.885616,13.15,17.0,99440.0,0,0,0,0,0,0,0,1,0,0,0,0,547896,229456.3777777778
52,274510.0,30.6,9.0,30.386071,59.86823,7.49,74.0,92080.0,0,0,0,0,0,0,1,0,0,0,0,0,413983,242403.375
53,276873.0,30.7,1.0,30.357397,59.838607,6.13,67.0,117000.0,0,0,0,0,0,0,0,0,0,0,0,1,335221,314777.01785714284
54,213376.0,31.4,5.0,30.442773,59.885616,13.15,17.0,94100.0,0,0,0,0,0,0,0,1,0,0,0,0,547896,229456.3777777778
55,141510.0,31.8,5.0,30.33149,60.037063,5.28,83.0,86300.0,0,0,0,0,0,1,0,0,0,0,0,0,541590,213930.27160493826
56,117284.0,32.4,6.0,30.373836,59.933645,5.18,60.0,86300.0,0,1,0,0,0,0,0,0,0,0,0,0,200654,235314.1
57,220184.0,32.7,1.0,30.345854,59.917209,2.28,74.0,52776.0,0,1,0,0,0,0,0,0,0,0,0,0,200654,235314.1
58,158537.0,32.8,18.0,30.331535,60.017292,4.26,75.0,67600.0,0,0,0,0,0,1,0,0,0,0,0,0,541590,213930.27160493826
59,293940.0,33.0,5.0,30.297237,59.966493,3.68,43.0,84300.0,0,0,0,0,0,0,0,0,1,0,0,0,115757,268974.5714285714
60,170000.0,33.27,2.0,30.084013,59.724491,28.15,48.0,57876.0,0,0,0,0,0,0,0,0,0,0,1,0,431546,260245.32727272727
62,190000.0,33.9,9.0,30.449978,59.956836,13.7,15.0,74780.0,0,0,0,1,0,0,0,0,0,0,0,0,366971,228121.51162790696
63,257226.0,34.6,18.0,30.421196,59.890681,10.74,34.0,54600.0,0,0,0,0,0,0,0,1,0,0,0,0,547896,229456.3777777778
64,236312.0,34.7,3.0,30.337787,59.946946,1.31,21.0,74696.0,0,1,0,0,0,0,0,0,0,0,0,0,200654,235314.1
65,267606.0,35.5,5.0,30.323279,59.913447,1.21,40.0,78796.0,0,0,0,0,1,0,0,0,0,0,0,0,155981,239806.10465116278
66,363381.0,35.5,6.0,30.37566,59.925453,5.41,73.0,58388.0,0,1,0,0,0,0,0,0,0,0,0,0,200654,235314.1
67,277500.0,36.0,2.0,30.276163,59.939027,5.69,37.0,72596.0,0,0,0,0,0,0,0,0,0,1,0,0,206680,277233.406779661
68,283334.0,36.0,2.0,30.276163,59.939027,5.69,37.0,72596.0,0,0,0,0,0,0,0,0,0,1,0,0,206680,277233.406779661
69,123967.0,36.3,19.0,30.213846,59.95229,12.64,69.0,58200.0,0,0,0,0,0,0,0,0,0,1,0,0,206680,277233.406779661
70,398681.0,36.37,12.0,30.338083,59.880582,3.1,19.0,78400.0,0,0,0,0,0,0,0,0,0,0,0,1,335221,314777.01785714284
71,77028.0,37.0,1.0,30.375516,59.936282,5.36,50.0,61000.0,0,1,0,0,0,0,0,0,0,0,0,0,200654,235314.1
72,205406.0,37.0,10.0,30.372291,59.831173,7.51,26.0,73620.0,0,0,0,0,0,0,0,0,0,0,0,1,335221,314777.01785714284
73,185984.0,37.1,5.0,30.375651,59.860486,6.73,84.0,76214.0,0,0,0,0,0,0,1,0,0,0,0,0,413983,242403.375
74,307251.0,37.1,14.0,30.316183,59.857003,4.19,76.0,79520.0,0,0,0,0,0,0,0,0,0,0,0,1,335221,314777.01785714284
75,190000.0,37.28,5.0,30.387724,60.026051,8.34,50.0,76214.0,0,0,1,0,0,0,0,0,0,0,0,0,536794,273406.70454545453
76,234542.0,37.52,14.0,30.372291,59.831173,7.51,26.0,79520.0,0,0,0,0,0,0,0,0,0,0,0,1,335221,314777.01785714284
77,200000.0,37.7,4.0,30.29094,60.01074,5.51,84.0,76214.0,1,0,0,0,0,0,0,0,0,0,0,0,699243,289144.3595505618
78,210500.0,38.0,5.0,30.406849,59.927644,8.86,19.0,88618.0,0,0,0,1,0,0,0,0,0,0,0,0,366971,228121.51162790696
79,312178.0,38.4,9.0,30.335083,60.011441,4.04,58.0,105012.0,0,0,0,0,0,1,0,0,0,0,0,0,541590,213930.27160493826
80,312178.0,38.4,9.0,30.335083,60.011441,4.04,58.0,105012.0,0,0,0,0,0,1,0,0,0,0,0,0,541590,213930.27160493826
81,90390.0,38.5,3.0,30.315679,59.959228,1.77,76.0,64600.0,0,0,0,0,0,0,0,0,1,0,0,0,115757,268974.5714285714
82,141026.0,39.0,5.0,30.338254,59.927806,1.28,55.0,84250.0,0,1,0,0,0,0,0,0,0,0,0,0,200654,235314.1
83,200000.0,39.0,9.0,30.474008,59.862352,16.86,34.0,97012.0,0,0,0,0,0,0,0,1,0,0,0,0,547896,229456.3777777778
85,242967.0,39.1,6.0,30.294192,59.920303,3.76,56.0,117610.0,0,0,0,0,1,0,0,0,0,0,0,0,155981,239806.10465116278
86,225000.0,40.0,6.0,30.35269,59.926381,2.87,23.0,128092.0,0,1,0,0,0,0,0,0,0,0,0,0,200654,235314.1
87,283951.0,40.5,5.0,30.359912,59.938928,3.63,22.0,128092.0,0,1,0,0,0,0,0,0,0,0,0,0,200654,235314.1
88,420000.0,40.67,10.0,30.429685,59.881358,11.79,23.0,135092.0,0,0,0,0,0,0,0,1,0,0,0,0,547896,229456.3777777778
89,388754.0,40.9,5.0,30.509186,59.831548,21.15,31.0,128092.0,0,0,0,0,0,0,0,1,0,0,0,0,547896,229456.3777777778
90,365610.0,41.0,8.0,30.094478,59.84273,26.12,18.0,135092.0,0,0,0,0,0,0,0,0,0,0,1,0,431546,260245.32727272727
91,97318.0,41.0,8.0,30.371456,59.922201,4.96,60.0,135092.0,0,1,0,0,0,0,0,0,0,0,0,0,200654,235314.1
92,236342.0,41.0,19.0,30.184849,59.942245,15.84,15.0,95320.0,0,0,0,0,0,0,0,0,0,1,0,0,206680,277233.406779661
93,143199.0,41.9,1.0,30.316326,59.909779,1.79,58.0,69401.8,0,0,0,0,1,0,0,0,0,0,0,0,155981,239806.10465116278
94,189286.0,42.0,5.0,30.29739,59.95402,3.45,48.0,134092.0,0,0,0,0,0,0,0,0,1,0,0,0,115757,268974.5714285714
95,368600.0,42.06,10.0,30.318985,59.906504,1.74,47.0,107700.0,0,0,0,0,0,0,0,0,0,0,0,1,335221,314777.01785714284
96,177726.0,42.2,16.0,30.32486,60.053701,6.09,94.0,95320.0,0,0,0,0,0,1,0,0,0,0,0,0,541590,213930.27160493826
97,389151.0,42.4,5.0,30.33087,59.843693,4.76,80.0,124748.0,0,0,0,0,0,0,0,0,0,0,0,1,335221,314777.01785714284
98,175582.0,43.0,1.0,30.349249,59.917493,2.62,62.0,125903.0,0,1,0,0,0,0,0,0,0,0,0,0,200654,235314.1
99,216280.0,43.0,5.0,30.304792,59.954628,2.68,46.0,98356.0,0,0,0,0,0,0,0,0,1,0,0,0,115757,268974.5714285714
100,313721.0,43.0,5.0,30.348297,59.945544,2.4,23.0,98356.0,0,1,0,0,0,0,0,0,0,0,0,0,200654,235314.1
101,407835.0,43.4,11.0,30.338991,59.876928,3.32,18.0,94000.0,0,0,0,0,0,0,0,0,0,0,0,1,335221,314777.01785714284
102,225288.0,43.5,5.0,30.442773,59.885616,13.15,17.0,98356.0,0,0,0,0,0,0,0,1,0,0,0,0,547896,229456.3777777778
103,232887.0,43.97,19.0,30.184849,59.942245,15.84,15.0,96320.0,0,0,0,0,0,0,0,0,0,1,0,0,206680,277233.406779661
104,315910.0,44.0,5.0,30.379343,59.857418,7.16,90.0,96956.0,0,0,0,0,0,0,1,0,0,0,0,0,413983,242403.375
105,227046.0,44.0,17.0,30.200542,59.852606,14.57,28.0,109128.0,0,0,0,0,0,0,0,0,0,0,1,0,431546,260245.32727272727
106,180996.0,44.2,1.0,30.329819,59.915156,1.09,35.0,101212.0,0,0,0,0,1,0,0,0,0,0,0,0,155981,239806.10465116278
107,84445.0,45.0,1.0,30.297156,59.956899,3.52,48.0,116460.0,0,0,0,0,0,0,0,0,1,0,0,0,115757,268974.5714285714
108,166298.0,45.1,16.0,30.238577,60.010789,10.48,81.0,139619.4,1,0,0,0,0,0,0,0,0,0,0,0,699243,289144.3595505618
109,247500.0,45.2,16.0,30.368563,59.885142,5.32,17.0,139619.4,0,0,0,0,0,0,1,0,0,0,0,0,413983,242403.375
111,259575.0,47.0,6.0,30.349043,59.91683,2.61,66.0,105411.8,0,1,0,0,0,0,0,0,0,0,0,0,200654,235314.1
112,297873.0,47.0,12.0,30.312446,59.902154,2.36,67.0,92411.6,0,0,0,0,1,0,0,0,0,0,0,0,155981,239806.10465116278
113,222930.0,47.1,17.0,30.223512,60.02793,12.3,63.0,139619.4,1,0,0,0,0,0,0,0,0,0,0,0,699243,289144.3595505618
114,288819.0,47.4,9.0,30.23581,59.982154,10.4,42.0,92000.0,1,0,0,0,0,0,0,0,0,0,0,0,699243,289144.3595505618
115,170000.0,47.65,2.0,30.082621,59.724677,28.29,47.0,46275.0,0,0,0,0,0,0,0,0,0,0,1,0,431546,260245.32727272727
116,170000.0,47.65,2.0,30.082621,59.724677,28.29,47.0,46275.0,0,0,0,0,0,0,0,0,0,0,1,0,431546,260245.32727272727
117,170000.0,47.65,2.0,30.084013,59.724491,28.15,48.0,46275.0,0,0,0,0,0,0,0,0,0,0,1,0,431546,260245.32727272727
118,125261.0,47.9,1.0,30.369327,59.927346,4.7,56.0,46275.0,0,1,0,0,0,0,0,0,0,0,0,0,200654,235314.1
119,334030.0,47.9,3.0,30.359679,59.918526,3.71,46.0,49535.0,0,1,0,0,0,0,0,0,0,0,0,0,200654,235314.1
120,406596.0,47.91,18.0,30.194542,59.942894,14.76,20.0,149719.4,0,0,0,0,0,0,0,0,0,1,0,0,206680,277233.406779661
121,333334.0,48.0,3.0,30.359679,59.918526,3.71,46.0,58727.0,0,1,0,0,0,0,0,0,0,0,0,0,200654,235314.1
122,209375.0,48.0,5.0,30.3253,59.91466,1.09,37.0,96411.8,0,0,0,0,1,0,0,0,0,0,0,0,155981,239806.10465116278
123,236140.0,48.7,7.0,30.446474,59.873266,13.72,19.0,108411.8,0,0,0,0,0,0,0,1,0,0,0,0,547896,229456.3777777778
124,235656.0,48.8,4.0,30.345863,59.925146,2.14,59.0,85800.0,0,1,0,0,0,0,0,0,0,0,0,0,200654,235314.1
125,118368.0,49.0,5.0,30.382047,59.965912,6.31,30.0,96411.8,0,0,1,0,0,0,0,0,0,0,0,0,536794,273406.70454545453
126,448980.0,49.0,6.0,30.327223,59.876237,3.05,54.0,96411.8,0,0,0,0,0,0,0,0,0,0,0,1,335221,314777.01785714284
127,234694.0,49.0,6.0,30.345863,59.925146,2.14,59.0,96411.8,0,1,0,0,0,0,0,0,0,0,0,0,200654,235314.1
128,341837.0,49.0,12.0,30.488551,59.951506,17.96,26.0,129623.0,0,0,0,1,0,0,0,0,0,0,0,0,366971,228121.51162790696
129,80646.0,49.6,1.0,30.356822,59.94417,3.32,34.0,95640.0,0,1,0,0,0,0,0,0,0,0,0,0,200654,235314.1
130,173800.0,50.0,3.0,30.350588,59.922341,2.68,48.0,82900.0,0,1,0,0,0,0,0,0,0,0,0,0,200654,235314.1
131,440000.0,50.0,5.0,30.358134,59.932495,3.43,22.0,86800.0,0,1,0,0,0,0,0,0,0,0,0,0,200654,235314.1
132,380000.0,50.0,8.0,30.392297,59.942268,7.24,22.0,106411.8,0,1,0,0,0,0,0,0,0,0,0,0,200654,235314.1
133,230000.0,50.0,23.0,30.205447,60.002638,13.88,98.0,107020.0,1,0,0,0,0,0,0,0,0,0,0,0,699243,289144.3595505618
134,59761.0,50.2,5.0,30.348675,59.91129,2.7,62.0,86800.0,0,0,0,0,0,0,1,0,0,0,0,0,413983,242403.375
135,137200.0,50.4,1.0,30.359356,59.921692,3.64,44.0,92900.0,0,1,0,0,0,0,0,0,0,0,0,0,200654,235314.1
136,176413.0,50.45,13.0,30.329891,60.006116,3.66,69.0,127211.6,0,0,0,0,0,1,0,0,0,0,0,0,541590,213930.27160493826
137,353151.0,50.46,19.0,30.184849,59.942245,15.84,15.0,133508.0,0,0,0,0,0,0,0,0,0,1,0,0,206680,277233.406779661
138,353151.0,50.46,19.0,30.184849,59.942245,15.84,15.0,133508.0,0,0,0,0,0,0,0,0,0,1,0,0,206680,277233.406779661
139,211686.0,51.0,18.0,30.431364,59.900962,11.74,22.0,117508.0,0,0,0,0,0,0,0,1,0,0,0,0,547896,229456.3777777778
140,335000.0,51.0,25.0,30.303983,59.99669,4.03,59.0,99720.0,1,0,0,0,0,0,0,0,0,0,0,0,699243,289144.3595505618
141,246967.0,51.1,16.0,30.368563,59.885142,5.32,17.0,133208.0,0,0,0,0,0,0,1,0,0,0,0,0,413983,242403.375
142,400000.0,51.3,11.0,30.338083,59.880582,3.1,19.0,93411.6,0,0,0,0,0,0,0,0,0,0,0,1,335221,314777.01785714284
143,295367.0,51.8,16.0,30.40552,59.84819,9.95,55.0,133208.0,0,0,0,0,0,0,1,0,0,0,0,0,413983,242403.375
144,226416.0,53.0,1.0,30.302699,59.922792,2.81,64.0,123000.0,0,0,0,0,1,0,0,0,0,0,0,0,155981,239806.10465116278
145,358491.0,53.0,13.0,30.2026,60.030245,14.5,18.0,96000.0,1,0,0,0,0,0,0,0,0,0,0,0,699243,289144.3595505618
146,348400.0,53.1,1.0,30.2973,59.952331,3.44,46.0,123000.0,0,0,0,0,0,0,0,0,1,0,0,0,115757,268974.5714285714
147,380160.0,53.3,9.0,30.145673,59.861824,20.42,46.0,98000.0,0,0,0,0,0,0,0,0,0,0,1,0,431546,260245.32727272727
150,106618.0,54.4,1.0,30.336026,59.873261,3.38,18.0,104178.8,0,0,0,0,0,0,0,0,0,0,0,1,335221,314777.01785714284
151,322735.0,54.41,9.0,30.288622,59.903823,4.58,42.0,96000.0,0,0,0,0,1,0,0,0,0,0,0,0,155981,239806.10465116278
152,321101.0,54.5,25.0,30.251773,60.029458,9.52,75.0,135700.0,1,0,0,0,0,0,0,0,0,0,0,0,699243,289144.3595505618
153,317646.0,54.59,9.0,30.404316,59.938175,8.57,17.0,96000.0,0,0,0,1,0,0,0,0,0,0,0,0,366971,228121.51162790696
154,103637.0,55.0,1.0,30.311278,59.911475,2.16,57.0,104178.8,0,0,0,0,1,0,0,0,0,0,0,0,155981,239806.10465116278
155,134546.0,55.0,1.0,30.349627,59.932202,2.49,28.0,104178.8,0,1,0,0,0,0,0,0,0,0,0,0,200654,235314.1
156,52546.0,55.0,1.0,30.356346,59.940875,3.25,31.0,104178.8,0,1,0,0,0,0,0,0,0,0,0,0,200654,235314.1
157,89091.0,55.0,1.0,30.386727,59.947041,6.64,27.0,104178.8,0,1,0,0,0,0,0,0,0,0,0,0,200654,235314.1
158,145455.0,55.0,1.0,30.41126,59.928217,9.35,42.0,104178.8,0,0,0,1,0,0,0,0,0,0,0,0,366971,228121.51162790696
159,245455.0,55.0,4.0,30.345396,59.939167,2.02,20.0,80738.8,0,1,0,0,0,0,0,0,0,0,0,0,200654,235314.1
160,59091.0,55.0,4.0,30.360766,59.920086,3.81,47.0,80738.8,0,1,0,0,0,0,0,0,0,0,0,0,200654,235314.1
161,399275.0,55.1,7.0,30.296402,59.952123,3.53,52.0,98920.0,0,0,0,0,0,0,0,0,1,0,0,0,115757,268974.5714285714
162,170000.0,55.24,2.0,30.084013,59.724491,28.15,48.0,104178.8,0,0,0,0,0,0,0,0,0,0,1,0,431546,260245.32727272727
163,415163.0,55.4,5.0,30.330232,59.854567,4.19,35.0,89360.0,0,0,0,0,0,0,0,0,0,0,0,1,335221,314777.01785714284
164,433213.0,55.4,5.0,30.330232,59.854567,4.19,35.0,89360.0,0,0,0,0,0,0,0,0,0,0,0,1,335221,314777.01785714284
165,198556.0,55.4,9.0,30.489503,59.906309,18.12,36.0,98600.0,0,0,0,0,0,0,0,1,0,0,0,0,547896,229456.3777777778
166,360361.0,55.5,1.0,30.318725,59.885936,2.7,75.0,96578.8,0,0,0,0,0,0,0,0,0,0,0,1,335221,314777.01785714284
167,269300.0,55.7,3.0,30.279935,59.942376,5.28,52.0,62618.8,0,0,0,0,0,0,0,0,0,1,0,0,206680,277233.406779661
168,400000.0,56.04,11.0,30.338083,59.880582,3.1,19.0,112600.0,0,0,0,0,0,0,0,0,0,0,0,1,335221,314777.01785714284
169,380000.0,56.2,25.0,30.220961,59.862483,12.29,34.0,135700.0,0,0,0,0,0,0,0,0,0,0,1,0,431546,260245.32727272727
170,326578.0,56.25,19.0,30.184849,59.942245,15.84,15.0,97892.0,0,0,0,0,0,0,0,0,0,1,0,0,206680,277233.406779661
171,385000.0,56.3,25.0,30.220988,59.861973,12.29,35.0,138900.0,0,0,0,0,0,0,0,0,0,0,1,0,431546,260245.32727272727
172,219299.0,57.0,25.0,30.317961,60.069598,6.93,47.0,138900.0,0,0,0,0,0,1,0,0,0,0,0,0,541590,213930.27160493826
173,400000.0,57.1,10.0,30.429685,59.881358,11.79,23.0,138720.0,0,0,0,0,0,0,0,1,0,0,0,0,547896,229456.3777777778
174,350000.0,57.6,11.0,30.338083,59.880582,3.1,19.0,124520.0,0,0,0,0,0,0,0,0,0,0,0,1,335221,314777.01785714284
175,387600.0,57.61,7.0,30.268635,59.943372,6.53,33.0,144884.4,0,0,0,0,0,0,0,0,0,1,0,0,206680,277233.406779661
176,225460.0,57.66,25.0,30.317961,60.069598,6.93,47.0,138900.0,0,0,0,0,0,1,0,0,0,0,0,0,541590,213930.27160493826
177,134316.0,57.7,1.0,30.32495,59.917213,0.97,38.0,108602.0,0,0,0,0,1,0,0,0,0,0,0,0,155981,239806.10465116278
178,317646.0,57.91,9.0,30.404316,59.938175,8.57,17.0,164120.0,0,0,0,1,0,0,0,0,0,0,0,0,366971,228121.51162790696
179,136207.0,58.0,1.0,30.32495,59.917213,0.97,38.0,97602.0,0,0,0,0,1,0,0,0,0,0,0,0,155981,239806.10465116278
180,317646.0,58.88,9.0,30.404316,59.938175,8.57,17.0,121920.0,0,0,0,1,0,0,0,0,0,0,0,0,366971,228121.51162790696
181,135000.0,58.9,1.0,30.376316,59.924943,5.48,69.0,156602.0,0,1,0,0,0,0,0,0,0,0,0,0,200654,235314.1
182,225000.0,58.9,5.0,30.442773,59.885616,13.15,17.0,182598.0,0,0,0,0,0,0,0,1,0,0,0,0,547896,229456.3777777778
183,261865.0,59.0,27.0,30.340985,60.075016,7.44,51.0,161500.0,0,0,0,0,0,1,0,0,0,0,0,0,541590,213930.27160493826
184,281145.0,59.4,1.0,30.330403,59.957043,1.17,22.0,156602.0,0,0,0,0,0,0,0,0,1,0,0,0,115757,268974.5714285714
185,420169.0,59.5,6.0,30.346546,59.910009,2.52,75.0,198398.0,0,0,0,0,0,0,1,0,0,0,0,0,413983,242403.375
186,254181.0,59.8,28.0,30.340985,60.075016,7.44,51.0,161500.0,0,0,0,0,0,1,0,0,0,0,0,0,541590,213930.27160493826
187,283334.0,60.0,3.0,30.288119,59.984373,4.98,43.0,181398.0,1,0,0,0,0,0,0,0,0,0,0,0,699243,289144.3595505618
188,179834.0,60.0,5.0,30.344336,60.072094,7.4,53.0,193598.0,0,0,0,0,0,1,0,0,0,0,0,0,541590,213930.27160493826
189,250000.0,60.0,5.0,30.379343,59.857418,7.16,90.0,193598.0,0,0,0,0,0,0,1,0,0,0,0,0,413983,242403.375
190,350000.0,60.0,25.0,30.199195,60.038573,14.97,9.0,133976.0,1,0,0,0,0,0,0,0,0,0,0,0,699243,289144.3595505618
191,225000.0,60.4,5.0,30.442773,59.885616,13.15,17.0,193598.0,0,0,0,0,0,0,0,1,0,0,0,0,547896,229456.3777777778
192,319994.0,60.77,14.0,30.417396,59.936206,10.02,47.0,120170.0,0,0,0,1,0,0,0,0,0,0,0,0,366971,228121.51162790696
193,229581.0,60.85,19.0,30.184849,59.942245,15.84,15.0,104168.0,0,0,0,0,0,0,0,0,0,1,0,0,206680,277233.406779661
195,155738.0,61.0,1.0,30.317521,59.859985,4.0,73.0,282602.0,0,0,0,0,0,0,0,0,0,0,0,1,335221,314777.01785714284
196,278689.0,61.0,7.0,30.304792,59.954628,2.68,46.0,143400.0,0,0,0,0,0,0,0,0,1,0,0,0,115757,268974.5714285714
197,277050.0,61.0,8.0,30.39651,59.944292,7.71,20.0,108644.0,0,1,0,0,0,0,0,0,0,0,0,0,200654,235314.1
198,188525.0,61.0,18.0,30.244308,60.072444,11.27,21.0,90376.0,0,0,0,0,0,1,0,0,0,0,0,0,541590,213930.27160493826
199,376685.0,61.59,19.0,30.184849,59.942245,15.84,15.0,88096.0,0,0,0,0,0,0,0,0,0,1,0,0,206680,277233.406779661
200,304000.0,61.63,13.0,30.377394,60.017499,7.12,42.0,109970.0,0,0,1,0,0,0,0,0,0,0,0,0,536794,273406.70454545453
201,298388.0,62.0,22.0,30.160765,59.861973,18.77,89.0,112976.0,0,0,0,0,0,0,0,0,0,0,1,0,431546,260245.32727272727
202,197263.0,62.1,6.0,30.317117,59.924722,1.26,31.0,166400.0,0,0,0,0,1,0,0,0,0,0,0,0,155981,239806.10465116278
203,184714.0,62.8,10.0,30.364799,60.043848,7.13,53.0,101374.0,0,0,0,0,0,1,0,0,0,0,0,0,541590,213930.27160493826
204,220351.0,62.8,23.0,30.319785,60.077463,7.31,26.0,131073.6,0,0,0,0,0,1,0,0,0,0,0,0,541590,213930.27160493826
205,420000.0,62.98,9.0,30.307568,59.985804,3.36,61.0,121374.0,1,0,0,0,0,0,0,0,0,0,0,0,699243,289144.3595505618
206,123810.0,63.0,1.0,30.350444,59.838055,5.74,69.0,226562.0,0,0,0,0,0,0,0,0,0,0,0,1,335221,314777.01785714284
209,301110.0,63.1,9.0,30.386458,59.874277,7.37,52.0,121374.0,0,0,0,0,0,0,1,0,0,0,0,0,413983,242403.375
210,219303.0,63.1,23.0,30.321285,60.081722,7.52,11.0,131073.6,0,0,0,0,0,1,0,0,0,0,0,0,541590,213930.27160493826
211,373011.0,63.5,1.0,30.434006,59.934285,11.87,39.0,114262.0,0,0,0,1,0,0,0,0,0,0,0,0,366971,228121.51162790696
212,329650.0,63.54,1.0,30.35128,59.967502,3.16,57.0,114262.0,0,0,1,0,0,0,0,0,0,0,0,0,536794,273406.70454545453
213,243711.0,63.6,6.0,30.352726,59.931846,2.84,20.0,142200.0,0,1,0,0,0,0,0,0,0,0,0,0,200654,235314.1
215,150000.0,63.9,1.0,30.418779,59.87924,10.65,21.0,114262.0,0,0,0,0,0,0,0,1,0,0,0,0,547896,229456.3777777778
216,387600.0,63.92,7.0,30.268635,59.943372,6.53,33.0,171330.0,0,0,0,0,0,0,0,0,0,1,0,0,206680,277233.406779661
217,241434.0,64.2,9.0,30.233529,59.949956,10.45,63.0,145130.0,0,0,0,0,0,0,0,0,0,1,0,0,206680,277233.406779661
218,139035.0,64.66,1.0,30.425723,59.883882,11.32,21.0,133060.0,0,0,0,0,0,0,0,1,0,0,0,0,547896,229456.3777777778
219,84877.0,64.8,1.0,30.472355,59.929687,16.14,39.0,133060.0,0,0,0,0,0,0,0,1,0,0,0,0,547896,229456.3777777778
220,115385.0,65.0,1.0,30.304873,59.926607,2.53,48.0,133060.0,0,0,0,0,1,0,0,0,0,0,0,0,155981,239806.10465116278
221,223077.0,65.0,5.0,30.354559,59.943791,3.07,27.0,100744.0,0,1,0,0,0,0,0,0,0,0,0,0,200654,235314.1
222,153077.0,65.0,7.0,30.283187,59.983265,5.44,41.0,148130.0,1,0,0,0,0,0,0,0,0,0,0,0,699243,289144.3595505618
223,297710.0,65.5,5.0,30.396699,59.85365,8.93,42.0,162000.0,0,0,0,0,0,0,1,0,0,0,0,0,413983,242403.375
224,235563.0,65.8,1.0,30.368141,59.935367,4.54,42.0,154120.0,0,1,0,0,0,0,0,0,0,0,0,0,200654,235314.1
225,294562.0,66.2,16.0,30.329397,60.075151,7.22,25.0,181650.0,0,0,0,0,0,1,0,0,0,0,0,0,541590,213930.27160493826
226,317645.0,66.27,9.0,30.404316,59.938175,8.57,17.0,145130.0,0,0,0,1,0,0,0,0,0,0,0,0,366971,228121.51162790696
227,120664.0,66.3,1.0,30.474753,59.873202,16.79,26.0,154120.0,0,0,0,0,0,0,0,1,0,0,0,0,547896,229456.3777777778
228,241003.0,66.4,15.0,30.255618,60.06975,10.24,10.0,166650.0,0,0,0,0,0,1,0,0,0,0,0,0,541590,213930.27160493826
229,150000.0,66.75,2.0,30.082621,59.724677,28.29,47.0,220144.4,0,0,0,0,0,0,0,0,0,0,1,0,431546,260245.32727272727
230,150000.0,66.75,2.0,30.084013,59.724491,28.15,48.0,220144.4,0,0,0,0,0,0,0,0,0,0,1,0,431546,260245.32727272727
231,340808.0,66.9,24.0,30.302843,59.997019,4.12,64.0,124297.6,1,0,0,0,0,0,0,0,0,0,0,0,699243,289144.3595505618
232,335000.0,66.9,25.0,30.302843,59.997019,4.12,64.0,124297.6,1,0,0,0,0,0,0,0,0,0,0,0,699243,289144.3595505618
234,358209.0,67.0,26.0,30.340985,60.075016,7.44,51.0,124297.6,0,0,0,0,0,1,0,0,0,0,0,0,541590,213930.27160493826
235,143917.0,67.4,5.0,30.302663,59.968633,3.21,40.0,184400.0,0,0,0,0,0,0,0,0,1,0,0,0,115757,268974.5714285714
236,160238.0,67.4,6.0,30.324591,59.918435,0.92,38.0,184400.0,0,0,0,0,1,0,0,0,0,0,0,0,155981,239806.10465116278
237,350000.0,67.46,5.0,30.387724,60.026051,8.34,50.0,184400.0,0,0,1,0,0,0,0,0,0,0,0,0,536794,273406.70454545453
238,367408.0,67.5,24.0,30.302079,59.997514,4.2,72.0,124297.6,1,0,0,0,0,0,0,0,0,0,0,0,699243,289144.3595505618
239,424055.0,67.68,19.0,30.184849,59.942245,15.84,15.0,159290.0,0,0,0,0,0,0,0,0,0,1,0,0,206680,277233.406779661
240,322581.0,68.2,3.0,30.328453,59.999948,3.33,78.0,144320.0,0,0,0,0,0,1,0,0,0,0,0,0,541590,213930.27160493826
241,109300.0,68.5,23.0,30.360434,60.042779,6.79,51.0,125937.6,0,0,0,0,0,1,0,0,0,0,0,0,541590,213930.27160493826
242,323666.0,68.7,1.0,30.35128,59.967502,3.16,57.0,104320.0,0,0,1,0,0,0,0,0,0,0,0,0,536794,273406.70454545453
243,250000.0,68.79,13.0,30.377394,60.017499,7.12,42.0,168320.0,0,0,1,0,0,0,0,0,0,0,0,0,536794,273406.70454545453
244,174419.0,68.8,2.0,30.317961,60.069598,6.93,47.0,101320.0,0,0,0,0,0,1,0,0,0,0,0,0,541590,213930.27160493826
245,333189.0,69.0,5.0,30.420351,59.895678,10.59,31.0,164400.0,0,0,0,0,0,0,0,1,0,0,0,0,547896,229456.3777777778
246,335000.0,69.0,25.0,30.303983,59.99669,4.03,59.0,131297.6,1,0,0,0,0,0,0,0,0,0,0,0,699243,289144.3595505618
247,335000.0,69.4,25.0,30.302843,59.997019,4.12,64.0,131297.6,1,0,0,0,0,0,0,0,0,0,0,0,699243,289144.3595505618
248,107759.0,69.6,4.0,30.318572,59.915183,1.42,41.0,168803.4,0,0,0,0,1,0,0,0,0,0,0,0,155981,239806.10465116278
249,235295.0,69.7,11.0,30.249204,59.937639,8.68,50.0,156320.0,0,0,0,0,0,0,0,0,0,1,0,0,206680,277233.406779661
250,332897.0,69.77,9.0,30.404316,59.938175,8.57,17.0,145320.0,0,0,0,1,0,0,0,0,0,0,0,0,366971,228121.51162790696
251,128429.0,70.0,1.0,30.222183,59.958386,11.73,93.0,103000.0,0,0,0,0,0,0,0,0,0,1,0,0,206680,277233.406779661
252,35715.0,70.0,1.0,30.32133,59.912797,1.34,39.0,103000.0,0,0,0,0,1,0,0,0,0,0,0,0,155981,239806.10465116278
253,242858.0,70.0,5.0,30.323324,59.878762,2.94,77.0,168803.4,0,0,0,0,0,0,0,0,0,0,0,1,335221,314777.01785714284
254,358572.0,70.0,25.0,30.21558,59.984278,12.62,101.0,130000.0,1,0,0,0,0,0,0,0,0,0,0,0,699243,289144.3595505618
256,292858.0,70.0,26.0,30.407065,59.858381,9.84,45.0,130000.0,0,0,0,0,0,0,1,0,0,0,0,0,413983,242403.375
257,253562.0,70.2,28.0,30.312392,60.06927,7.0,58.0,130000.0,0,0,0,0,0,1,0,0,0,0,0,0,541590,213930.27160493826
258,287340.0,70.3,14.0,30.334957,60.035535,5.27,65.0,136450.0,0,0,0,0,0,1,0,0,0,0,0,0,541590,213930.27160493826
259,323666.0,70.75,1.0,30.35128,59.967502,3.16,57.0,124000.0,0,0,1,0,0,0,0,0,0,0,0,0,536794,273406.70454545453
260,76272.0,70.8,1.0,30.244308,60.072444,11.27,21.0,105000.0,0,0,0,0,0,1,0,0,0,0,0,0,541590,213930.27160493826
261,220339.0,70.8,13.0,30.41594,59.847268,11.01,41.0,130120.0,0,0,0,0,0,0,1,0,0,0,0,0,413983,242403.375
262,225989.0,70.8,14.0,30.41594,59.847268,11.01,41.0,132800.0,0,0,0,0,0,0,1,0,0,0,0,0,413983,242403.375
263,126620.0,71.0,8.0,30.325812,59.854716,4.16,37.0,163320.0,0,0,0,0,0,0,0,0,0,0,0,1,335221,314777.01785714284
264,219719.0,71.0,14.0,30.41594,59.847268,11.01,41.0,132800.0,0,0,0,0,0,0,1,0,0,0,0,0,413983,242403.375
266,372192.0,71.2,5.0,30.27875,59.917745,5.47,28.0,217803.4,0,0,0,0,1,0,0,0,0,0,0,0,155981,239806.10465116278
267,323665.0,71.45,1.0,30.35128,59.967502,3.16,57.0,139400.0,0,0,1,0,0,0,0,0,0,0,0,0,536794,273406.70454545453
268,263300.0,71.7,5.0,30.37654,59.925128,5.51,67.0,242803.4,0,1,0,0,0,0,0,0,0,0,0,0,200654,235314.1
269,263300.0,71.7,5.0,30.37654,59.925128,5.51,67.0,242803.4,0,1,0,0,0,0,0,0,0,0,0,0,200654,235314.1
270,257900.0,71.9,24.0,30.277061,60.059683,8.26,28.0,131020.0,1,0,0,0,0,0,0,0,0,0,0,0,699243,289144.3595505618
271,338889.0,72.0,4.0,30.313128,59.93594,1.57,30.0,251203.4,0,1,0,0,0,0,0,0,0,0,0,0,200654,235314.1
272,255556.0,72.0,20.0,30.230537,60.035962,11.73,82.0,142140.0,1,0,0,0,0,0,0,0,0,0,0,0,699243,289144.3595505618
273,257500.0,72.0,24.0,30.28149,60.059418,7.95,24.0,131020.0,1,0,0,0,0,0,0,0,0,0,0,0,699243,289144.3595505618
274,334928.0,72.0,25.0,30.220988,59.861503,12.3,36.0,131020.0,0,0,0,0,0,0,0,0,0,0,1,0,431546,260245.32727272727
275,128988.0,72.1,9.0,30.447813,59.95593,13.45,16.0,181240.0,0,0,0,1,0,0,0,0,0,0,0,0,366971,228121.51162790696
276,172992.0,72.2,1.0,30.344812,59.939825,1.96,22.0,194880.0,0,1,0,0,0,0,0,0,0,0,0,0,200654,235314.1
277,334000.0,72.2,25.0,30.220988,59.861973,12.29,35.0,131020.0,0,0,0,0,0,0,0,0,0,0,1,0,431546,260245.32727272727
278,339000.0,72.4,25.0,30.220961,59.862483,12.29,34.0,131020.0,0,0,0,0,0,0,0,0,0,0,1,0,431546,260245.32727272727
279,329000.0,72.5,25.0,30.220961,59.862483,12.29,34.0,131020.0,0,0,0,0,0,0,0,0,0,0,1,0,431546,260245.32727272727
280,334000.0,72.5,25.0,30.220979,59.863007,12.28,34.0,131020.0,0,0,0,0,0,0,0,0,0,0,1,0,431546,260245.32727272727
281,334000.0,72.5,25.0,30.220979,59.863007,12.28,34.0,131020.0,0,0,0,0,0,0,0,0,0,0,1,0,431546,260245.32727272727
282,213000.0,72.5,25.0,30.479038,60.008378,17.4,32.0,131020.0,0,0,0,1,0,0,0,0,0,0,0,0,366971,228121.51162790696
283,324000.0,72.6,25.0,30.220979,59.863007,12.28,34.0,131020.0,0,0,0,0,0,0,0,0,0,0,1,0,431546,260245.32727272727
284,327000.0,72.8,25.0,30.220988,59.861973,12.29,35.0,131020.0,0,0,0,0,0,0,0,0,0,0,1,0,431546,260245.32727272727
285,270000.0,72.82,11.0,30.378714,60.018349,7.26,41.0,121800.0,0,0,1,0,0,0,0,0,0,0,0,0,536794,273406.70454545453
286,360993.0,72.91,18.0,30.194542,59.942894,14.76,20.0,158500.0,0,0,0,0,0,0,0,0,0,1,0,0,206680,277233.406779661
287,294521.0,73.0,5.0,30.344408,59.926715,1.96,63.0,201000.0,0,1,0,0,0,0,0,0,0,0,0,0,200654,235314.1
288,294521.0,73.0,5.0,30.344408,59.926715,1.96,63.0,201000.0,0,1,0,0,0,0,0,0,0,0,0,0,200654,235314.1
289,230137.0,73.0,11.0,30.269317,60.052339,8.59,30.0,145040.0,1,0,0,0,0,0,0,0,0,0,0,0,699243,289144.3595505618
290,216473.0,73.0,25.0,30.449376,60.002517,14.11,10.0,131020.0,0,0,0,1,0,0,0,0,0,0,0,0,366971,228121.51162790696
291,294118.0,73.1,5.0,30.313326,59.936724,1.55,31.0,206240.0,0,1,0,0,0,0,0,0,0,0,0,0,200654,235314.1
292,287737.0,73.1,9.0,30.335083,60.011441,4.04,58.0,204480.0,0,0,0,0,0,1,0,0,0,0,0,0,541590,213930.27160493826
293,75137.0,73.2,1.0,30.244308,60.072444,11.27,21.0,118967.0,0,0,0,0,0,1,0,0,0,0,0,0,541590,213930.27160493826
294,317000.0,73.2,25.0,30.220979,59.863007,12.28,34.0,131020.0,0,0,0,0,0,0,0,0,0,0,1,0,431546,260245.32727272727
295,353742.0,73.5,7.0,30.301127,59.912368,3.13,55.0,182480.0,0,0,0,0,1,0,0,0,0,0,0,0,155981,239806.10465116278
296,319728.0,73.5,7.0,30.302124,59.912414,3.03,58.0,182480.0,0,0,0,0,1,0,0,0,0,0,0,0,155981,239806.10465116278
297,271371.0,73.7,1.0,30.323306,59.964205,1.54,72.0,119088.0,0,0,0,0,0,0,0,0,1,0,0,0,115757,268974.5714285714
298,109295.0,73.7,23.0,30.360434,60.042779,6.79,51.0,108760.0,0,0,0,0,0,1,0,0,0,0,0,0,541590,213930.27160493826
299,53379.0,74.0,1.0,30.307675,59.922088,2.28,57.0,175962.0,0,0,0,0,1,0,0,0,0,0,0,0,155981,239806.10465116278
300,75574.0,74.1,1.0,30.244308,60.072444,11.27,21.0,97541.0,0,0,0,0,0,1,0,0,0,0,0,0,541590,213930.27160493826
301,265000.0,74.7,12.0,30.204962,60.033908,14.3,19.0,165040.0,1,0,0,0,0,0,0,0,0,0,0,0,699243,289144.3595505618
302,292316.0,75.09,9.0,30.288622,59.903823,4.58,42.0,202480.0,0,0,0,0,1,0,0,0,0,0,0,0,155981,239806.10465116278
303,450000.0,75.4,11.0,30.338083,59.880582,3.1,19.0,157040.0,0,0,0,0,0,0,0,0,0,0,0,1,335221,314777.01785714284
304,324000.0,75.7,25.0,30.220988,59.861973,12.29,35.0,108760.0,0,0,0,0,0,0,0,0,0,0,1,0,431546,260245.32727272727
305,190000.0,75.8,12.0,30.479038,60.008378,17.4,32.0,139040.0,0,0,0,1,0,0,0,0,0,0,0,0,366971,228121.51162790696
306,250330.0,75.9,2.0,30.364781,60.052272,7.5,41.0,96442.0,0,0,0,0,0,1,0,0,0,0,0,0,541590,213930.27160493826
307,246053.0,76.0,2.0,30.363075,60.052483,7.4,42.0,96442.0,0,0,0,0,0,1,0,0,0,0,0,0,541590,213930.27160493826
308,388158.0,76.0,4.0,30.294955,59.922787,3.65,60.0,127000.0,0,0,0,0,1,0,0,0,0,0,0,0,155981,239806.10465116278
309,220869.0,76.0,24.0,30.511773,59.866274,20.93,17.0,99010.0,0,0,0,0,0,0,0,1,0,0,0,0,547896,229456.3777777778
310,249541.0,76.1,4.0,30.321698,59.929096,0.7,24.0,127000.0,0,1,0,0,0,0,0,0,0,0,0,0,200654,235314.1
311,317585.0,76.13,1.0,30.35128,59.967502,3.16,57.0,135186.0,0,0,1,0,0,0,0,0,0,0,0,0,536794,273406.70454545453
312,319000.0,76.2,25.0,30.220961,59.862483,12.29,34.0,126010.0,0,0,0,0,0,0,0,0,0,0,1,0,431546,260245.32727272727
313,298000.0,76.2,25.0,30.220979,59.863007,12.28,34.0,126010.0,0,0,0,0,0,0,0,0,0,0,1,0,431546,260245.32727272727
314,350000.0,76.4,6.0,30.305546,59.907532,2.8,59.0,141240.0,0,0,0,0,1,0,0,0,0,0,0,0,155981,239806.10465116278
315,194772.0,76.5,16.0,30.51878,59.831282,22.19,18.0,142500.0,0,0,0,0,0,0,0,1,0,0,0,0,547896,229456.3777777778
316,332895.0,76.7,1.0,30.245728,59.962048,9.16,41.0,168656.0,0,0,0,0,0,0,0,0,1,0,0,0,115757,268974.5714285714
317,319615.0,76.78,20.0,30.434311,59.931134,11.9,39.0,129440.0,0,0,0,1,0,0,0,0,0,0,0,0,366971,228121.51162790696
318,384115.0,76.8,4.0,30.306912,59.924555,2.33,45.0,126338.0,0,0,0,0,1,0,0,0,0,0,0,0,155981,239806.10465116278
319,384115.0,76.8,5.0,30.306912,59.924555,2.33,45.0,116358.0,0,0,0,0,1,0,0,0,0,0,0,0,155981,239806.10465116278
320,310000.0,77.0,25.0,30.220979,59.863007,12.28,34.0,142990.0,0,0,0,0,0,0,0,0,0,0,1,0,431546,260245.32727272727
321,194806.0,77.0,25.0,30.312392,60.06927,7.0,58.0,142990.0,0,0,0,0,0,1,0,0,0,0,0,0,541590,213930.27160493826
322,200000.0,77.0,25.0,30.474367,60.018102,17.05,18.0,142990.0,0,0,0,1,0,0,0,0,0,0,0,0,366971,228121.51162790696
323,200000.0,77.0,25.0,30.479038,60.008378,17.4,32.0,142990.0,0,0,0,1,0,0,0,0,0,0,0,0,366971,228121.51162790696
325,340000.0,77.3,13.0,30.378714,60.018349,7.26,41.0,141688.8,0,0,1,0,0,0,0,0,0,0,0,0,536794,273406.70454545453
326,337000.0,77.3,25.0,30.220988,59.861973,12.29,35.0,142990.0,0,0,0,0,0,0,0,0,0,0,1,0,431546,260245.32727272727
327,332000.0,77.4,25.0,30.220961,59.862483,12.29,34.0,142990.0,0,0,0,0,0,0,0,0,0,0,1,0,431546,260245.32727272727
328,340000.0,77.92,11.0,30.378714,60.018349,7.26,41.0,186184.4,0,0,1,0,0,0,0,0,0,0,0,0,536794,273406.70454545453
329,281924.0,78.0,5.0,30.306912,59.924555,2.33,45.0,147883.0,0,0,0,0,1,0,0,0,0,0,0,0,155981,239806.10465116278
330,250000.0,78.0,13.0,30.327043,59.991804,2.91,84.0,141688.8,1,0,0,0,0,0,0,0,0,0,0,0,699243,289144.3595505618
331,364357.0,78.22,9.0,30.404316,59.938175,8.57,17.0,201302.0,0,0,0,1,0,0,0,0,0,0,0,0,366971,228121.51162790696
332,209000.0,78.3,4.0,30.107827,59.834189,24.72,32.0,155883.0,0,0,0,0,0,0,0,0,0,0,1,0,431546,260245.32727272727
334,316392.0,78.7,24.0,30.344614,59.85332,4.71,35.0,131050.0,0,0,0,0,0,0,0,0,0,0,0,1,335221,314777.01785714284
335,378482.0,79.0,4.0,30.287562,59.985512,5.07,40.0,155883.0,1,0,0,0,0,0,0,0,0,0,0,0,699243,289144.3595505618
336,209054.0,79.0,24.0,30.511773,59.866274,20.93,17.0,131050.0,0,0,0,0,0,0,0,1,0,0,0,0,547896,229456.3777777778
337,161917.0,79.3,1.0,30.275992,59.94431,5.72,50.0,169000.0,0,0,0,0,0,0,0,0,0,1,0,0,206680,277233.406779661
339,232121.0,79.7,1.0,30.377268,59.933068,5.56,55.0,169000.0,0,1,0,0,0,0,0,0,0,0,0,0,200654,235314.1
340,325000.0,79.75,10.0,30.341533,59.966953,2.29,56.0,175006.4,0,0,0,0,0,1,0,0,0,0,0,0,541590,213930.27160493826
341,187500.0,80.0,1.0,30.290868,59.940005,4.06,76.0,169000.0,0,0,0,0,0,0,0,0,0,1,0,0,206680,277233.406779661
342,131250.0,80.0,1.0,30.307065,59.919725,2.38,66.0,169000.0,0,0,0,0,1,0,0,0,0,0,0,0,155981,239806.10465116278
343,125000.0,80.0,1.0,30.307065,59.919725,2.38,66.0,169000.0,0,0,0,0,1,0,0,0,0,0,0,0,155981,239806.10465116278
344,143625.0,80.0,4.0,30.298665,59.923581,3.24,54.0,210525.0,0,0,0,0,1,0,0,0,0,0,0,0,155981,239806.10465116278
345,143625.0,80.0,6.0,30.298665,59.923581,3.24,54.0,197489.4,0,0,0,0,1,0,0,0,0,0,0,0,155981,239806.10465116278
346,170000.0,80.2,1.0,30.334391,59.987753,2.83,71.0,172000.0,0,0,0,0,0,1,0,0,0,0,0,0,541590,213930.27160493826
347,273168.0,80.5,12.0,30.322264,59.981276,2.42,115.0,164638.8,1,0,0,0,0,0,0,0,0,0,0,0,699243,289144.3595505618
348,311415.0,80.6,15.0,30.201737,59.929804,13.96,17.0,202564.2,0,0,0,0,0,0,0,0,0,1,0,0,206680,277233.406779661
349,418519.0,81.0,20.0,30.308223,59.904247,2.64,55.0,138030.0,0,0,0,0,1,0,0,0,0,0,0,0,155981,239806.10465116278
350,129470.0,81.1,4.0,30.263056,59.942913,7.15,36.0,222095.2,0,0,0,0,0,0,0,0,0,1,0,0,206680,277233.406779661
351,70284.0,81.1,5.0,30.30755,59.958224,2.48,42.0,190489.4,0,0,0,0,0,0,0,0,1,0,0,0,115757,268974.5714285714
352,320592.0,81.1,9.0,30.096589,59.84277,25.89,18.0,190062.0,0,0,0,0,0,0,0,0,0,0,1,0,431546,260245.32727272727
353,250000.0,81.1,12.0,30.229064,59.936206,10.92,55.0,164638.8,0,0,0,0,0,0,0,0,0,1,0,0,206680,277233.406779661
354,327575.0,81.27,9.0,30.288622,59.903823,4.58,42.0,190062.0,0,0,0,0,1,0,0,0,0,0,0,0,155981,239806.10465116278
355,75461.0,81.5,1.0,30.244308,60.072444,11.27,21.0,171952.0,0,0,0,0,0,1,0,0,0,0,0,0,541590,213930.27160493826
356,202454.0,81.5,4.0,30.34253,59.908222,2.21,79.0,211063.2,0,0,0,0,0,0,1,0,0,0,0,0,413983,242403.375
357,250000.0,81.8,12.0,30.205959,60.029508,14.14,28.0,156152.4,1,0,0,0,0,0,0,0,0,0,0,0,699243,289144.3595505618
358,250915.0,82.0,5.0,30.267494,59.962724,6.78,27.0,172007.6,0,0,0,0,0,0,0,0,1,0,0,0,115757,268974.5714285714
359,254879.0,82.0,25.0,30.225039,60.035495,12.27,68.0,142800.0,1,0,0,0,0,0,0,0,0,0,0,0,699243,289144.3595505618
360,332895.0,82.1,1.0,30.245728,59.962048,9.16,41.0,165931.2,0,0,0,0,0,0,0,0,1,0,0,0,115757,268974.5714285714
361,218636.0,82.1,5.0,30.351684,59.924167,2.78,41.0,172007.6,0,1,0,0,0,0,0,0,0,0,0,0,200654,235314.1
362,223237.0,82.2,13.0,30.41594,59.847268,11.01,41.0,156152.4,0,0,0,0,0,0,1,0,0,0,0,0,413983,242403.375
363,364952.0,82.2,16.0,30.418851,59.970303,10.37,23.0,213379.8,0,0,0,1,0,0,0,0,0,0,0,0,366971,228121.51162790696
364,306897.0,82.24,9.0,30.404316,59.938175,8.57,17.0,191162.0,0,0,0,1,0,0,0,0,0,0,0,0,366971,228121.51162790696
365,425274.0,82.3,25.0,30.426684,59.902826,11.2,28.0,142800.0,0,0,0,0,0,0,0,1,0,0,0,0,547896,229456.3777777778
366,387879.0,82.5,6.0,30.35693,59.953822,3.44,38.0,164944.4,0,0,1,0,0,0,0,0,0,0,0,0,536794,273406.70454545453
367,198916.0,82.95,18.0,30.15083,59.793487,20.49,18.0,142589.8,0,0,0,0,0,0,0,0,0,0,1,0,431546,260245.32727272727
368,235000.0,82.99,5.0,30.387724,60.026051,8.34,50.0,193979.2,0,0,1,0,0,0,0,0,0,0,0,0,536794,273406.70454545453
369,307229.0,83.0,5.0,30.437455,59.880356,12.64,25.0,193979.2,0,0,0,0,0,0,0,1,0,0,0,0,547896,229456.3777777778
370,300000.0,83.0,10.0,30.341533,59.966953,2.29,56.0,163912.0,0,0,0,0,0,1,0,0,0,0,0,0,541590,213930.27160493826
371,447848.0,83.0,11.0,30.322264,59.981276,2.42,115.0,160214.4,1,0,0,0,0,0,0,0,0,0,0,0,699243,289144.3595505618
373,263856.0,83.0,25.0,30.452511,59.861711,14.55,25.0,124809.4,0,0,0,0,0,0,0,1,0,0,0,0,547896,229456.3777777778
374,332895.0,83.8,1.0,30.245728,59.962048,9.16,41.0,129178.0,0,0,0,0,0,0,0,0,1,0,0,0,115757,268974.5714285714
375,321429.0,84.0,15.0,30.103587,59.843326,25.12,23.0,173105.8,0,0,0,0,0,0,0,0,0,0,1,0,431546,260245.32727272727
376,305615.0,84.01,1.0,30.35128,59.967502,3.16,57.0,129178.0,0,0,1,0,0,0,0,0,0,0,0,0,536794,273406.70454545453
377,450000.0,84.02,11.0,30.338083,59.880582,3.1,19.0,168308.0,0,0,0,0,0,0,0,0,0,0,0,1,335221,314777.01785714284
378,100592.0,84.5,1.0,30.297354,59.856795,5.15,39.0,129178.0,0,0,0,0,0,0,0,0,0,0,0,1,335221,314777.01785714284
379,195000.0,85.2,25.0,30.479038,60.008378,17.4,32.0,124249.4,0,0,0,1,0,0,0,0,0,0,0,0,366971,228121.51162790696
380,169474.0,85.5,5.0,30.29739,59.95402,3.45,48.0,152800.0,0,0,0,0,0,0,0,0,1,0,0,0,115757,268974.5714285714
381,164336.0,85.8,1.0,30.32221,59.916649,1.12,36.0,129178.0,0,0,0,0,1,0,0,0,0,0,0,0,155981,239806.10465116278
383,166280.0,86.0,5.0,30.268482,59.937675,6.54,27.0,152800.0,0,0,0,0,0,0,0,0,0,1,0,0,206680,277233.406779661
384,166474.0,86.2,1.0,30.346276,59.932374,2.12,31.0,136178.0,0,1,0,0,0,0,0,0,0,0,0,0,200654,235314.1
385,277137.0,86.6,9.0,30.248189,59.936846,8.79,49.0,135650.0,0,0,0,0,0,0,0,0,0,1,0,0,206680,277233.406779661
386,222756.0,87.0,13.0,30.336987,60.029162,4.99,58.0,179038.0,0,0,0,0,0,1,0,0,0,0,0,0,541590,213930.27160493826
387,339081.0,87.0,24.0,30.344947,59.906359,2.49,71.0,139870.4,0,0,0,0,0,0,1,0,0,0,0,0,413983,242403.375
388,309989.0,87.1,5.0,30.373612,59.936589,5.15,42.0,181800.0,0,1,0,0,0,0,0,0,0,0,0,0,200654,235314.1
389,234554.0,87.4,27.0,30.311826,60.069068,7.0,57.0,167220.8,0,0,0,0,0,1,0,0,0,0,0,0,541590,213930.27160493826
390,285063.0,87.7,1.0,30.373612,59.936589,5.15,42.0,116178.0,0,1,0,0,0,0,0,0,0,0,0,0,200654,235314.1
391,142370.0,87.8,5.0,30.167826,59.830572,18.29,38.0,248999.0,0,0,0,0,0,0,0,0,0,0,1,0,431546,260245.32727272727
392,323000.0,88.1,10.0,30.432721,59.883137,12.09,24.0,183510.0,0,0,0,0,0,0,0,1,0,0,0,0,547896,229456.3777777778
393,299726.0,88.35,1.0,30.35128,59.967502,3.16,57.0,126580.0,0,0,1,0,0,0,0,0,0,0,0,0,536794,273406.70454545453
394,417662.0,88.5,12.0,30.326262,59.985057,2.56,86.0,176350.0,1,0,0,0,0,0,0,0,0,0,0,0,699243,289144.3595505618
395,343116.0,88.6,13.0,30.264044,59.949474,7.06,38.0,157038.0,0,0,0,0,0,0,0,0,0,1,0,0,206680,277233.406779661
396,150000.0,89.0,1.0,30.418779,59.87924,10.65,21.0,123760.0,0,0,0,0,0,0,0,1,0,0,0,0,547896,229456.3777777778
397,280787.0,89.0,7.0,30.437913,59.867692,12.89,19.0,264659.0,0,0,0,0,0,0,0,1,0,0,0,0,547896,229456.3777777778
398,168540.0,89.0,12.0,30.49413,59.896973,18.69,27.0,157038.0,0,0,0,0,0,0,0,1,0,0,0,0,547896,229456.3777777778
399,287064.0,89.0,16.0,30.258906,60.070796,10.0,12.0,170038.0,0,0,0,0,0,1,0,0,0,0,0,0,541590,213930.27160493826
400,295332.0,89.0,23.0,30.443869,59.900128,13.12,22.0,173820.8,0,0,0,0,0,0,0,1,0,0,0,0,547896,229456.3777777778
401,294321.0,89.1,23.0,30.443869,59.900128,13.12,22.0,168008.8,0,0,0,0,0,0,0,1,0,0,0,0,547896,229456.3777777778
402,218610.0,89.2,8.0,30.287922,60.019972,6.06,68.0,264659.0,1,0,0,0,0,0,0,0,0,0,0,0,699243,289144.3595505618
403,166667.0,89.4,5.0,30.325543,59.926372,0.5,26.0,248999.0,0,1,0,0,0,0,0,0,0,0,0,0,200654,235314.1
404,155618.0,89.9,1.0,30.21664,59.958814,12.35,82.0,131580.0,0,0,0,0,0,0,0,0,0,1,0,0,206680,277233.406779661
405,443334.0,90.0,4.0,30.325821,59.925723,0.53,27.0,190599.0,0,0,0,0,1,0,0,0,0,0,0,0,155981,239806.10465116278
406,322223.0,90.0,5.0,30.363694,59.930872,4.06,38.0,224599.0,0,1,0,0,0,0,0,0,0,0,0,0,200654,235314.1
407,214003.0,90.0,15.0,30.255618,60.06975,10.24,10.0,167350.0,0,0,0,0,0,1,0,0,0,0,0,0,541590,213930.27160493826
408,343300.0,90.09,9.0,30.404316,59.938175,8.57,17.0,231659.0,0,0,0,1,0,0,0,0,0,0,0,0,366971,228121.51162790696
409,346500.0,90.17,9.0,30.307568,59.985804,3.36,61.0,165460.0,1,0,0,0,0,0,0,0,0,0,0,0,699243,289144.3595505618
410,310422.0,90.2,20.0,30.22804,60.03327,11.93,76.0,265588.0,1,0,0,0,0,0,0,0,0,0,0,0,699243,289144.3595505618
411,211000.0,90.2,25.0,30.479038,60.008378,17.4,32.0,166220.8,0,0,0,1,0,0,0,0,0,0,0,0,366971,228121.51162790696
412,255292.0,90.3,18.0,30.303382,59.997644,4.11,61.0,255800.0,1,0,0,0,0,0,0,0,0,0,0,0,699243,289144.3595505618
413,300111.0,90.37,25.0,30.300489,59.999093,4.37,77.0,166220.8,1,0,0,0,0,0,0,0,0,0,0,0,699243,289144.3595505618
414,315000.0,90.7,1.0,30.320899,59.902298,1.84,51.0,169100.0,0,0,0,0,0,0,0,0,0,0,0,1,335221,314777.01785714284
415,214003.0,90.8,15.0,30.255618,60.06975,10.24,10.0,174350.0,0,0,0,0,0,1,0,0,0,0,0,0,541590,213930.27160493826
417,132531.0,91.3,1.0,30.373172,59.935232,5.1,54.0,169100.0,0,1,0,0,0,0,0,0,0,0,0,0,200654,235314.1
418,250000.0,91.6,25.0,30.207702,60.004708,13.66,106.0,164599.8,1,0,0,0,0,0,0,0,0,0,0,0,699243,289144.3595505618
419,350191.0,91.75,18.0,30.194542,59.942894,14.76,20.0,255800.0,0,0,0,0,0,0,0,0,0,1,0,0,206680,277233.406779661
420,450000.0,91.8,11.0,30.338083,59.880582,3.1,19.0,200610.0,0,0,0,0,0,0,0,0,0,0,0,1,335221,314777.01785714284
421,179348.0,92.0,1.0,30.387931,59.946626,6.77,24.0,169100.0,0,1,0,0,0,0,0,0,0,0,0,0,200654,235314.1
422,400000.0,92.1,11.0,30.338083,59.880582,3.1,19.0,200610.0,0,0,0,0,0,0,0,0,0,0,0,1,335221,314777.01785714284
423,340000.0,92.88,11.0,30.378714,60.018349,7.26,41.0,177000.0,0,0,1,0,0,0,0,0,0,0,0,0,536794,273406.70454545453
424,268241.0,93.2,15.0,30.252896,59.955939,8.33,52.0,138800.0,0,0,0,0,0,0,0,0,0,1,0,0,206680,277233.406779661
425,336910.0,93.2,19.0,30.313398,59.887178,2.9,91.0,256800.0,0,0,0,0,0,0,0,0,0,0,0,1,335221,314777.01785714284
427,310000.0,93.5,25.0,30.220988,59.861973,12.29,35.0,217883.8,0,0,0,0,0,0,0,0,0,0,1,0,431546,260245.32727272727
428,362704.0,93.52,18.0,30.194542,59.942894,14.76,20.0,141400.0,0,0,0,0,0,0,0,0,0,1,0,0,206680,277233.406779661
429,321128.0,94.0,9.0,30.288622,59.903823,4.58,42.0,211484.8,0,0,0,0,1,0,0,0,0,0,0,0,155981,239806.10465116278
430,339533.0,94.1,19.0,30.184849,59.942245,15.84,15.0,149200.0,0,0,0,0,0,0,0,0,0,1,0,0,206680,277233.406779661
431,339533.0,94.1,19.0,30.184849,59.942245,15.84,15.0,149200.0,0,0,0,0,0,0,0,0,0,1,0,0,206680,277233.406779661
432,305000.0,94.2,25.0,30.220961,59.862483,12.29,34.0,207884.0,0,0,0,0,0,0,0,0,0,0,1,0,431546,260245.32727272727
433,264582.0,94.3,25.0,30.196985,59.994346,14.72,71.0,207884.0,1,0,0,0,0,0,0,0,0,0,0,0,699243,289144.3595505618
434,190000.0,94.4,25.0,30.479038,60.008378,17.4,32.0,207884.0,0,0,0,1,0,0,0,0,0,0,0,0,366971,228121.51162790696
435,319226.0,94.56,9.0,30.288622,59.903823,4.58,42.0,211484.8,0,0,0,0,1,0,0,0,0,0,0,0,155981,239806.10465116278
436,205074.0,94.6,1.0,30.342261,59.925435,1.75,76.0,227460.0,0,1,0,0,0,0,0,0,0,0,0,0,200654,235314.1
437,180000.0,95.2,14.0,30.485928,60.005072,18.11,30.0,136800.0,0,0,0,1,0,0,0,0,0,0,0,0,366971,228121.51162790696
438,210000.0,95.55,5.0,30.387724,60.026051,8.34,50.0,208922.0,0,0,1,0,0,0,0,0,0,0,0,0,536794,273406.70454545453
439,193515.0,95.6,10.0,30.49413,59.896973,18.69,27.0,198284.8,0,0,0,0,0,0,0,1,0,0,0,0,547896,229456.3777777778
440,370000.0,95.8,7.0,30.304226,59.910343,2.86,65.0,161122.0,0,0,0,0,1,0,0,0,0,0,0,0,155981,239806.10465116278
441,367200.0,95.82,7.0,30.268635,59.943372,6.53,33.0,161122.0,0,0,0,0,0,0,0,0,0,1,0,0,206680,277233.406779661
442,228125.0,96.0,1.0,30.307235,59.928952,2.25,39.0,198070.6,0,0,0,0,1,0,0,0,0,0,0,0,155981,239806.10465116278
443,350000.0,96.43,5.0,30.387724,60.026051,8.34,50.0,150402.0,0,0,1,0,0,0,0,0,0,0,0,0,536794,273406.70454545453
444,198000.0,96.57,5.0,30.308322,59.754121,9.41,12.0,150402.0,0,0,0,0,0,0,0,0,0,0,0,1,335221,314777.01785714284
445,178904.0,96.7,4.0,30.158834,59.998405,18.92,17.0,224480.0,1,0,0,0,0,0,0,0,0,0,0,0,699243,289144.3595505618
446,246588.0,96.93,24.0,30.303382,59.997644,4.11,61.0,201884.0,1,0,0,0,0,0,0,0,0,0,0,0,699243,289144.3595505618
447,290104.0,96.93,25.0,30.300489,59.999093,4.37,77.0,201164.0,1,0,0,0,0,0,0,0,0,0,0,0,699243,289144.3595505618
448,292422.0,97.0,13.0,30.379523,60.017063,7.29,42.0,165400.0,0,0,1,0,0,0,0,0,0,0,0,0,536794,273406.70454545453
449,123702.0,97.0,26.0,30.428607,60.033185,12.54,52.0,201164.0,0,0,1,0,0,0,0,0,0,0,0,0,536794,273406.70454545453
450,307930.0,97.1,1.0,30.405727,60.032919,10.25,65.0,198070.6,0,0,1,0,0,0,0,0,0,0,0,0,536794,273406.70454545453
451,321051.0,97.3,9.0,30.31082,59.904775,2.4,54.0,194284.8,0,0,0,0,1,0,0,0,0,0,0,0,155981,239806.10465116278
452,350000.0,97.36,5.0,30.387724,60.026051,8.34,50.0,142480.0,0,0,1,0,0,0,0,0,0,0,0,0,536794,273406.70454545453
453,170000.0,97.5,2.0,30.082621,59.724677,28.29,47.0,186990.6,0,0,0,0,0,0,0,0,0,0,1,0,431546,260245.32727272727
454,170000.0,97.5,2.0,30.084013,59.724491,28.15,48.0,186990.6,0,0,0,0,0,0,0,0,0,0,1,0,431546,260245.32727272727
455,340000.0,97.62,13.0,30.378714,60.018349,7.26,41.0,165400.0,0,0,1,0,0,0,0,0,0,0,0,0,536794,273406.70454545453
456,366327.0,98.0,8.0,30.317844,59.907338,1.78,53.0,174000.0,0,0,0,0,1,0,0,0,0,0,0,0,155981,239806.10465116278
457,204082.0,98.0,12.0,30.286565,60.020381,6.18,58.0,202000.0,1,0,0,0,0,0,0,0,0,0,0,0,699243,289144.3595505618
458,206619.0,98.0,13.0,30.194928,60.03625,15.38,5.0,192400.0,1,0,0,0,0,0,0,0,0,0,0,0,699243,289144.3595505618
459,198006.0,98.0,24.0,30.511773,59.866274,20.93,17.0,201164.0,0,0,0,0,0,0,0,1,0,0,0,0,547896,229456.3777777778
461,186545.0,98.1,23.0,30.447813,59.95593,13.45,16.0,215884.0,0,0,0,1,0,0,0,0,0,0,0,0,366971,228121.51162790696
462,74263.0,98.3,1.0,30.359356,59.957796,3.76,41.0,126710.6,0,0,1,0,0,0,0,0,0,0,0,0,536794,273406.70454545453
463,301830.0,98.4,5.0,30.318985,59.906504,1.74,47.0,182288.0,0,0,0,0,0,0,0,0,0,0,0,1,335221,314777.01785714284
464,420102.0,98.6,25.0,30.304289,60.000857,4.17,65.0,188504.0,1,0,0,0,0,0,0,0,0,0,0,0,699243,289144.3595505618
465,346500.0,98.76,9.0,30.307568,59.985804,3.36,61.0,155600.0,1,0,0,0,0,0,0,0,0,0,0,0,699243,289144.3595505618
466,353536.0,99.0,9.0,30.370782,59.925096,4.87,58.0,155600.0,0,1,0,0,0,0,0,0,0,0,0,0,200654,235314.1
467,76613.0,99.2,1.0,30.29138,59.918296,4.08,59.0,134800.0,0,0,0,0,1,0,0,0,0,0,0,0,155981,239806.10465116278
468,275000.0,99.2,4.0,30.359356,59.921692,3.64,44.0,234888.0,0,1,0,0,0,0,0,0,0,0,0,0,200654,235314.1
469,450000.0,99.27,11.0,30.338083,59.880582,3.1,19.0,176600.0,0,0,0,0,0,0,0,0,0,0,0,1,335221,314777.01785714284
470,296483.0,99.5,23.0,30.196428,59.938491,14.55,17.0,179540.0,0,0,0,0,0,0,0,0,0,1,0,0,206680,277233.406779661
471,450000.0,99.8,11.0,30.338083,59.880582,3.1,19.0,177140.0,0,0,0,0,0,0,0,0,0,0,0,1,335221,314777.01785714284
472,300101.0,99.92,25.0,30.300489,59.999093,4.37,77.0,188504.0,1,0,0,0,0,0,0,0,0,0,0,0,699243,289144.3595505618
473,255086.0,99.92,25.0,30.303382,59.997644,4.11,61.0,188504.0,1,0,0,0,0,0,0,0,0,0,0,0,699243,289144.3595505618
474,179900.0,100.0,8.0,30.304379,59.919107,2.68,69.0,131600.0,0,0,0,0,1,0,0,0,0,0,0,0,155981,239806.10465116278
475,380000.0,100.0,9.0,30.370782,59.925096,4.87,58.0,150400.0,0,1,0,0,0,0,0,0,0,0,0,0,200654,235314.1
476,285000.0,100.0,19.0,30.196428,59.938491,14.55,17.0,171480.0,0,0,0,0,0,0,0,0,0,1,0,0,206680,277233.406779661
477,175000.0,101.2,14.0,30.479038,60.008378,17.4,32.0,169020.0,0,0,0,1,0,0,0,0,0,0,0,0,366971,228121.51162790696
478,350000.0,101.3,5.0,30.387724,60.026051,8.34,50.0,209000.0,0,0,1,0,0,0,0,0,0,0,0,0,536794,273406.70454545453
479,380000.0,101.33,10.0,30.341533,59.966953,2.29,56.0,121040.0,0,0,0,0,0,1,0,0,0,0,0,0,541590,213930.27160493826
480,205000.0,101.49,5.0,30.387724,60.026051,8.34,50.0,209000.0,0,0,1,0,0,0,0,0,0,0,0,0,536794,273406.70454545453
481,350000.0,101.58,5.0,30.387724,60.026051,8.34,50.0,209000.0,0,0,1,0,0,0,0,0,0,0,0,0,536794,273406.70454545453
483,330099.0,101.72,17.0,30.303211,59.999147,4.18,65.0,173680.0,1,0,0,0,0,0,0,0,0,0,0,0,699243,289144.3595505618
484,146079.0,102.0,5.0,30.288658,59.912589,4.44,52.0,194800.0,0,0,0,0,1,0,0,0,0,0,0,0,155981,239806.10465116278
485,298528.0,102.0,10.0,30.288416,59.911538,4.48,47.0,121580.0,0,0,0,0,1,0,0,0,0,0,0,0,155981,239806.10465116278
486,285839.0,102.0,26.0,30.451577,59.899004,13.98,34.0,164820.0,0,0,0,0,0,0,0,1,0,0,0,0,547896,229456.3777777778
487,107213.0,102.6,1.0,30.38167,59.933947,6.05,63.0,172881.4,0,1,0,0,0,0,0,0,0,0,0,0,200654,235314.1
488,380000.0,102.71,9.0,30.264862,59.93502,6.94,31.0,178740.0,0,0,0,0,0,0,0,0,0,1,0,0,206680,277233.406779661
489,197554.0,103.0,13.0,30.194928,60.03625,15.38,5.0,168980.0,1,0,0,0,0,0,0,0,0,0,0,0,699243,289144.3595505618
490,204973.0,103.0,13.0,30.19579,60.036443,15.29,6.0,168980.0,1,0,0,0,0,0,0,0,0,0,0,0,699243,289144.3595505618
491,390000.0,103.11,9.0,30.264862,59.93502,6.94,31.0,205624.0,0,0,0,0,0,0,0,0,0,1,0,0,206680,277233.406779661
492,450000.0,103.4,11.0,30.338083,59.880582,3.1,19.0,181664.0,0,0,0,0,0,0,0,0,0,0,0,1,335221,314777.01785714284
493,110481.0,104.0,1.0,30.326441,60.002279,3.44,77.0,118281.4,0,0,0,0,0,1,0,0,0,0,0,0,541590,213930.27160493826
494,423077.0,104.0,8.0,30.297219,59.960309,3.57,44.0,258967.0,0,0,0,0,0,0,0,0,1,0,0,0,115757,268974.5714285714
495,315608.0,104.0,11.0,30.306768,59.903927,2.78,54.0,181664.0,0,0,0,0,1,0,0,0,0,0,0,0,155981,239806.10465116278
496,171429.0,105.0,4.0,30.345854,59.917209,2.28,74.0,181143.0,0,1,0,0,0,0,0,0,0,0,0,0,200654,235314.1
497,260477.0,105.0,8.0,30.248189,59.936846,8.79,49.0,209244.0,0,0,0,0,0,0,0,0,0,1,0,0,206680,277233.406779661
498,113961.0,105.3,1.0,30.474753,59.873202,16.79,26.0,110281.4,0,0,0,0,0,0,0,1,0,0,0,0,547896,229456.3777777778
499,202000.0,105.4,25.0,30.479038,60.008378,17.4,32.0,221040.0,0,0,0,1,0,0,0,0,0,0,0,0,366971,228121.51162790696
500,365000.0,105.58,10.0,30.308116,59.986506,3.35,61.0,195524.0,1,0,0,0,0,0,0,0,0,0,0,0,699243,289144.3595505618
501,225353.0,106.5,6.0,30.255079,59.947306,8.05,57.0,234384.0,0,0,0,0,0,0,0,0,0,1,0,0,206680,277233.406779661
502,369015.0,106.5,19.0,30.184849,59.942245,15.84,15.0,251571.2,0,0,0,0,0,0,0,0,0,1,0,0,206680,277233.406779661
503,201500.0,106.7,13.0,30.336574,59.988469,2.95,66.0,183900.0,0,0,0,0,0,1,0,0,0,0,0,0,541590,213930.27160493826
504,242000.0,107.5,12.0,30.229064,59.936206,10.92,55.0,215900.0,0,0,0,0,0,0,0,0,0,1,0,0,206680,277233.406779661
505,277882.0,107.6,1.0,30.349869,59.928541,2.54,27.0,190300.0,0,1,0,0,0,0,0,0,0,0,0,0,200654,235314.1
506,197798.0,108.0,13.0,30.194928,60.03625,15.38,5.0,178100.0,1,0,0,0,0,0,0,0,0,0,0,0,699243,289144.3595505618
507,319445.0,108.0,13.0,30.207711,60.030578,13.97,26.0,178100.0,1,0,0,0,0,0,0,0,0,0,0,0,699243,289144.3595505618
508,295274.0,108.0,26.0,30.451577,59.899004,13.98,34.0,216840.0,0,0,0,0,0,0,0,1,0,0,0,0,547896,229456.3777777778
509,351348.0,108.1,1.0,30.310128,59.987226,3.25,84.0,190300.0,1,0,0,0,0,0,0,0,0,0,0,0,699243,289144.3595505618
510,280514.0,109.0,13.0,30.379523,60.017063,7.29,42.0,169500.0,0,0,1,0,0,0,0,0,0,0,0,0,536794,273406.70454545453
511,225625.0,109.33,1.0,30.288496,59.911759,4.47,46.0,189100.0,0,0,0,0,1,0,0,0,0,0,0,0,155981,239806.10465116278
512,211800.0,109.8,12.0,30.344551,59.902406,2.59,65.0,219300.0,0,0,0,0,0,0,1,0,0,0,0,0,413983,242403.375
513,124546.0,110.0,1.0,30.297974,59.9308,3.27,53.0,176900.0,0,0,0,0,1,0,0,0,0,0,0,0,155981,239806.10465116278
514,227273.0,110.0,2.0,30.364781,60.052272,7.5,41.0,215900.0,0,0,0,0,0,1,0,0,0,0,0,0,541590,213930.27160493826
515,170910.0,110.0,4.0,30.323504,59.917042,1.03,38.0,255400.0,0,0,0,0,1,0,0,0,0,0,0,0,155981,239806.10465116278
516,263637.0,110.0,5.0,30.244138,59.932392,9.25,44.0,268300.0,0,0,0,0,0,0,0,0,0,1,0,0,206680,277233.406779661
517,393637.0,110.0,5.0,30.380062,59.941493,5.88,40.0,268300.0,0,1,0,0,0,0,0,0,0,0,0,0,200654,235314.1
519,122728.0,110.0,9.0,30.41153,59.951132,9.41,25.0,217640.0,0,0,0,1,0,0,0,0,0,0,0,0,366971,228121.51162790696
520,244091.0,110.0,13.0,30.2026,60.030245,14.5,18.0,204100.0,1,0,0,0,0,0,0,0,0,0,0,0,699243,289144.3595505618
521,271740.0,110.4,23.0,30.447022,59.899211,13.48,26.0,228300.0,0,0,0,0,0,0,0,1,0,0,0,0,547896,229456.3777777778
522,325204.0,110.7,25.0,30.269021,60.057774,8.79,34.0,228300.0,1,0,0,0,0,0,0,0,0,0,0,0,699243,289144.3595505618
523,380000.0,110.96,10.0,30.341533,59.966953,2.29,56.0,253160.0,0,0,0,0,0,1,0,0,0,0,0,0,541590,213930.27160493826
524,338375.0,111.0,1.0,30.245728,59.962048,9.16,41.0,179300.0,0,0,0,0,0,0,0,0,1,0,0,0,115757,268974.5714285714
525,88289.0,111.0,1.0,30.369471,59.932184,4.7,54.0,179300.0,0,1,0,0,0,0,0,0,0,0,0,0,200654,235314.1
526,355103.0,111.0,19.0,30.311502,59.899081,2.55,64.0,243100.0,0,0,0,0,1,0,0,0,0,0,0,0,155981,239806.10465116278
527,141442.0,111.0,20.0,30.317961,60.069598,6.93,47.0,240000.0,0,0,0,0,0,1,0,0,0,0,0,0,541590,213930.27160493826
528,166367.0,111.2,1.0,30.213846,59.95229,12.64,69.0,179300.0,0,0,0,0,0,0,0,0,0,1,0,0,206680,277233.406779661
529,280000.0,111.32,10.0,30.341533,59.966953,2.29,56.0,232040.0,0,0,0,0,0,1,0,0,0,0,0,0,541590,213930.27160493826
530,223614.0,111.8,6.0,30.289224,59.922914,4.28,71.0,212198.4,0,0,0,0,1,0,0,0,0,0,0,0,155981,239806.10465116278
531,222720.0,111.8,6.0,30.289224,59.922914,4.28,71.0,212198.4,0,0,0,0,1,0,0,0,0,0,0,0,155981,239806.10465116278
532,178732.0,111.9,1.0,30.281606,59.918733,5.14,30.0,179300.0,0,0,0,0,1,0,0,0,0,0,0,0,155981,239806.10465116278
533,178723.0,111.9,1.0,30.314817,59.904189,2.11,72.0,179300.0,0,0,0,0,1,0,0,0,0,0,0,0,155981,239806.10465116278
534,312500.0,112.0,4.0,30.314161,59.935858,1.46,29.0,301398.4,0,1,0,0,0,0,0,0,0,0,0,0,200654,235314.1
535,312500.0,112.0,5.0,30.314161,59.935858,1.46,29.0,263198.4,0,1,0,0,0,0,0,0,0,0,0,0,200654,235314.1
536,312500.0,112.0,5.0,30.314161,59.935858,1.46,29.0,263198.4,0,1,0,0,0,0,0,0,0,0,0,0,200654,235314.1
537,303572.0,112.0,26.0,30.236304,60.034915,11.13,83.0,180800.0,1,0,0,0,0,0,0,0,0,0,0,0,699243,289144.3595505618
538,235976.0,112.3,25.0,30.312185,60.056481,6.37,77.0,180800.0,0,0,0,0,0,1,0,0,0,0,0,0,541590,213930.27160493826
539,290090.0,112.32,17.0,30.303211,59.999147,4.18,65.0,256440.0,1,0,0,0,0,0,0,0,0,0,0,0,699243,289144.3595505618
540,322432.0,112.4,1.0,30.245728,59.962048,9.16,41.0,200388.0,0,0,0,0,0,0,0,0,1,0,0,0,115757,268974.5714285714
541,257549.0,112.6,14.0,30.317521,59.855398,4.23,68.0,159440.0,0,0,0,0,0,0,0,0,0,0,0,1,335221,314777.01785714284
542,286597.0,113.4,2.0,30.382685,59.851973,7.64,75.0,175904.0,0,0,0,0,0,0,1,0,0,0,0,0,413983,242403.375
543,270000.0,113.45,11.0,30.378714,60.018349,7.26,41.0,221040.0,0,0,1,0,0,0,0,0,0,0,0,0,536794,273406.70454545453
544,393058.0,113.8,10.0,30.15012,59.861038,19.94,73.0,203232.0,0,0,0,0,0,0,0,0,0,0,1,0,431546,260245.32727272727
545,197483.0,114.0,13.0,30.194928,60.03625,15.38,5.0,213710.0,1,0,0,0,0,0,0,0,0,0,0,0,699243,289144.3595505618
546,192814.0,114.1,5.0,30.330591,59.923054,0.74,33.0,232675.2,0,0,0,0,1,0,0,0,0,0,0,0,155981,239806.10465116278
547,234783.0,115.0,14.0,30.41594,59.847268,11.01,41.0,231710.0,0,0,0,0,0,0,1,0,0,0,0,0,413983,242403.375
548,303215.0,115.1,5.0,30.300956,59.956674,3.12,35.0,167754.8,0,0,0,0,0,0,0,0,1,0,0,0,115757,268974.5714285714
549,164788.0,115.3,1.0,30.358852,59.943012,3.53,34.0,182744.8,0,1,0,0,0,0,0,0,0,0,0,0,200654,235314.1
550,294500.0,115.3,4.0,30.109642,59.83328,24.52,31.0,142338.8,0,0,0,0,0,0,0,0,0,0,1,0,431546,260245.32727272727
551,239200.0,115.5,14.0,30.407442,59.984908,9.32,13.0,231710.0,0,0,1,0,0,0,0,0,0,0,0,0,536794,273406.70454545453
552,189000.0,115.63,5.0,30.308322,59.754121,9.41,12.0,172878.0,0,0,0,0,0,0,0,0,0,0,0,1,335221,314777.01785714284
553,309483.0,116.0,5.0,30.300956,59.956674,3.12,35.0,172878.0,0,0,0,0,0,0,0,0,1,0,0,0,115757,268974.5714285714
554,310880.0,116.09,19.0,30.184849,59.942245,15.84,15.0,202820.0,0,0,0,0,0,0,0,0,0,1,0,0,206680,277233.406779661
556,283019.0,116.6,13.0,30.450526,60.002697,14.23,9.0,244410.0,0,0,0,1,0,0,0,0,0,0,0,0,366971,228121.51162790696
557,275941.0,117.0,13.0,30.379523,60.017063,7.29,42.0,316150.0,0,0,1,0,0,0,0,0,0,0,0,0,536794,273406.70454545453
558,258823.0,117.0,16.0,30.258906,60.070796,10.0,12.0,262690.0,0,0,0,0,0,1,0,0,0,0,0,0,541590,213930.27160493826
559,199500.0,118.7,4.0,30.109642,59.83328,24.52,31.0,322742.4,0,0,0,0,0,0,0,0,0,0,1,0,431546,260245.32727272727
560,239094.0,119.2,6.0,30.346096,59.918652,2.27,73.0,467100.0,0,1,0,0,0,0,0,0,0,0,0,0,200654,235314.1
561,420084.0,119.5,25.0,30.295422,59.999638,4.78,69.0,210000.0,1,0,0,0,0,0,0,0,0,0,0,0,699243,289144.3595505618
562,330084.0,119.59,17.0,30.303211,59.999147,4.18,65.0,215244.0,1,0,0,0,0,0,0,0,0,0,0,0,699243,289144.3595505618
563,112500.0,120.0,1.0,30.297974,59.9308,3.27,53.0,121606.0,0,0,0,0,1,0,0,0,0,0,0,0,155981,239806.10465116278
564,182197.0,120.2,1.0,30.359104,59.921295,3.62,44.0,121606.0,0,1,0,0,0,0,0,0,0,0,0,0,200654,235314.1
565,275500.0,120.4,4.0,30.109642,59.83328,24.52,31.0,264600.0,0,0,0,0,0,0,0,0,0,0,1,0,431546,260245.32727272727
566,372943.0,121.0,3.0,30.245566,59.963066,9.18,40.0,160808.0,0,0,0,0,0,0,0,0,1,0,0,0,115757,268974.5714285714
567,250000.0,121.0,4.0,30.430933,59.925335,11.54,27.0,264600.0,0,0,0,1,0,0,0,0,0,0,0,0,366971,228121.51162790696
568,231603.0,121.0,13.0,30.19579,60.036443,15.29,6.0,232869.0,1,0,0,0,0,0,0,0,0,0,0,0,699243,289144.3595505618
569,256199.0,121.0,24.0,30.316856,59.855877,4.22,71.0,210000.0,0,0,0,0,0,0,0,0,0,0,0,1,335221,314777.01785714284
570,347108.0,121.0,26.0,30.340985,60.075016,7.44,51.0,200000.0,0,0,0,0,0,1,0,0,0,0,0,0,541590,213930.27160493826
571,343200.0,121.5,9.0,30.307568,59.985804,3.36,61.0,401240.0,1,0,0,0,0,0,0,0,0,0,0,0,699243,289144.3595505618
572,198100.0,121.7,13.0,30.341578,59.902217,2.35,66.0,232869.0,0,0,0,0,0,0,1,0,0,0,0,0,413983,242403.375
573,40164.0,122.0,5.0,30.342692,59.91692,1.97,79.0,486676.8,0,1,0,0,0,0,0,0,0,0,0,0,200654,235314.1
574,134365.0,122.8,1.0,30.325211,59.91784,0.93,38.0,96146.0,0,0,0,0,1,0,0,0,0,0,0,0,155981,239806.10465116278
575,300081.0,123.69,25.0,30.300489,59.999093,4.37,77.0,198000.0,1,0,0,0,0,0,0,0,0,0,0,0,699243,289144.3595505618
576,209800.0,123.7,13.0,30.341578,59.902217,2.35,66.0,206897.0,0,0,0,0,0,0,1,0,0,0,0,0,413983,242403.375
577,95000.0,123.9,1.0,30.41153,59.951132,9.41,25.0,141914.0,0,0,0,1,0,0,0,0,0,0,0,0,366971,228121.51162790696
578,135000.0,124.0,27.0,30.317961,60.069598,6.93,47.0,200000.0,0,0,0,0,0,1,0,0,0,0,0,0,541590,213930.27160493826
579,368623.0,124.7,1.0,30.310128,59.987226,3.25,84.0,118108.0,1,0,0,0,0,0,0,0,0,0,0,0,699243,289144.3595505618
580,144231.0,124.8,1.0,30.278363,59.915269,5.53,28.0,118108.0,0,0,0,0,1,0,0,0,0,0,0,0,155981,239806.10465116278
581,295000.0,125.4,18.0,30.443869,59.900128,13.12,22.0,230624.0,0,0,0,0,0,0,0,1,0,0,0,0,547896,229456.3777777778
582,310208.0,125.4,23.0,30.402879,60.006246,9.27,36.0,210068.0,0,0,1,0,0,0,0,0,0,0,0,0,536794,273406.70454545453
583,161000.0,126.0,12.0,30.485775,60.003943,18.08,29.0,187892.0,0,0,0,1,0,0,0,0,0,0,0,0,366971,228121.51162790696
584,296678.0,126.4,1.0,30.289467,59.95584,4.32,74.0,118108.0,0,0,0,0,0,0,0,0,1,0,0,0,115757,268974.5714285714
585,196019.0,126.4,2.0,30.362284,60.043413,6.94,52.0,118108.0,0,0,0,0,0,1,0,0,0,0,0,0,541590,213930.27160493826
586,450000.0,126.47,11.0,30.338083,59.880582,3.1,19.0,187892.0,0,0,0,0,0,0,0,0,0,0,0,1,335221,314777.01785714284
587,216366.0,127.1,18.0,30.365814,59.988185,5.13,61.0,289800.0,0,0,1,0,0,0,0,0,0,0,0,0,536794,273406.70454545453
588,357085.0,127.6,1.0,30.310128,59.987226,3.25,84.0,139594.0,1,0,0,0,0,0,0,0,0,0,0,0,699243,289144.3595505618
589,226485.0,128.0,5.0,30.357137,59.918201,3.44,32.0,159202.0,0,1,0,0,0,0,0,0,0,0,0,0,200654,235314.1
590,320225.0,128.0,5.0,30.387724,60.026051,8.34,50.0,159202.0,0,0,1,0,0,0,0,0,0,0,0,0,536794,273406.70454545453
591,404510.0,128.0,10.0,30.370387,59.940776,4.8,31.0,257948.0,0,1,0,0,0,0,0,0,0,0,0,0,200654,235314.1
592,330000.0,128.09,5.0,30.387724,60.026051,8.34,50.0,159202.0,0,0,1,0,0,0,0,0,0,0,0,0,536794,273406.70454545453
593,301457.0,128.1,1.0,30.245728,59.962048,9.16,41.0,145802.0,0,0,0,0,0,0,0,0,1,0,0,0,115757,268974.5714285714
594,225000.0,128.32,5.0,30.308322,59.754121,9.41,12.0,159202.0,0,0,0,0,0,0,0,0,0,0,0,1,335221,314777.01785714284
595,370063.0,128.6,6.0,30.30552,59.906639,2.82,58.0,228000.0,0,0,0,0,1,0,0,0,0,0,0,0,155981,239806.10465116278
596,340016.0,128.7,6.0,30.30552,59.906639,2.82,58.0,228000.0,0,0,0,0,1,0,0,0,0,0,0,0,155981,239806.10465116278
597,231783.0,129.0,13.0,30.41594,59.847268,11.01,41.0,242834.0,0,0,0,0,0,0,1,0,0,0,0,0,413983,242403.375
598,178019.0,129.2,1.0,30.341578,59.923369,1.71,79.0,222600.0,0,1,0,0,0,0,0,0,0,0,0,0,200654,235314.1
599,230355.0,129.8,13.0,30.41594,59.847268,11.01,41.0,242834.0,0,0,0,0,0,0,1,0,0,0,0,0,413983,242403.375
600,230355.0,129.8,13.0,30.41594,59.847268,11.01,41.0,242834.0,0,0,0,0,0,0,1,0,0,0,0,0,413983,242403.375
601,65385.0,130.0,1.0,30.334275,59.851896,4.4,50.0,217100.0,0,0,0,0,0,0,0,0,0,0,0,1,335221,314777.01785714284
602,262998.0,130.1,26.0,30.363012,60.044469,7.04,52.0,263416.0,0,0,0,0,0,1,0,0,0,0,0,0,541590,213930.27160493826
603,301457.0,130.4,1.0,30.245728,59.962048,9.16,41.0,217100.0,0,0,0,0,0,0,0,0,1,0,0,0,115757,268974.5714285714
604,82823.0,130.4,1.0,30.48715,59.964341,17.86,25.0,217100.0,0,0,0,1,0,0,0,0,0,0,0,0,366971,228121.51162790696
605,206900.0,130.7,12.0,30.229064,59.936206,10.92,55.0,249046.0,0,0,0,0,0,0,0,0,0,1,0,0,206680,277233.406779661
606,110000.0,131.0,14.0,30.2374,60.06923,11.8,33.0,253046.0,0,0,0,0,0,1,0,0,0,0,0,0,541590,213930.27160493826
607,311480.0,131.63,2.0,30.082621,59.724677,28.29,47.0,220500.0,0,0,0,0,0,0,0,0,0,0,1,0,431546,260245.32727272727
608,383191.0,131.71,19.0,30.184849,59.942245,15.84,15.0,250600.0,0,0,0,0,0,0,0,0,0,1,0,0,206680,277233.406779661
609,383191.0,131.71,19.0,30.184849,59.942245,15.84,15.0,250600.0,0,0,0,0,0,0,0,0,0,1,0,0,206680,277233.406779661
610,331819.0,132.0,5.0,30.322066,59.926805,0.73,30.0,198998.4,0,0,0,0,1,0,0,0,0,0,0,0,155981,239806.10465116278
611,174007.0,132.7,15.0,30.255618,60.06975,10.24,10.0,223046.0,0,0,0,0,0,1,0,0,0,0,0,0,541590,213930.27160493826
612,235000.0,133.3,10.0,30.336574,59.988469,2.95,66.0,179746.0,0,0,0,0,0,1,0,0,0,0,0,0,541590,213930.27160493826
613,420075.0,133.7,25.0,30.304289,60.000857,4.17,65.0,324772.0,1,0,0,0,0,0,0,0,0,0,0,0,699243,289144.3595505618
614,184105.0,134.0,12.0,30.30755,59.897952,2.9,54.0,179746.0,0,0,0,0,1,0,0,0,0,0,0,0,155981,239806.10465116278
615,88815.0,135.0,1.0,30.21664,59.958814,12.35,82.0,173000.0,0,0,0,0,0,0,0,0,0,1,0,0,206680,277233.406779661
616,317110.0,135.6,25.0,30.24624,60.009593,9.67,100.0,286846.0,1,0,0,0,0,0,0,0,0,0,0,0,699243,289144.3595505618
617,420000.0,136.1,7.0,30.325013,59.858073,3.99,41.0,202260.0,0,0,0,0,0,0,0,0,0,0,0,1,335221,314777.01785714284
618,227774.0,136.1,10.0,30.264044,59.949474,7.06,38.0,215060.0,0,0,0,0,0,0,0,0,0,1,0,0,206680,277233.406779661
619,290074.0,136.46,17.0,30.303211,59.999147,4.18,65.0,297012.0,1,0,0,0,0,0,0,0,0,0,0,0,699243,289144.3595505618
620,246563.0,136.46,18.0,30.303382,59.997644,4.11,61.0,294800.0,1,0,0,0,0,0,0,0,0,0,0,0,699243,289144.3595505618
621,167884.0,137.0,1.0,30.349959,59.929182,2.54,27.0,184190.0,0,1,0,0,0,0,0,0,0,0,0,0,200654,235314.1
622,135000.0,137.0,2.0,30.084013,59.724491,28.15,48.0,207544.0,0,0,0,0,0,0,0,0,0,0,1,0,431546,260245.32727272727
623,135000.0,137.0,2.0,30.084013,59.724491,28.15,48.0,207544.0,0,0,0,0,0,0,0,0,0,0,1,0,431546,260245.32727272727
624,235344.0,137.0,16.0,30.334391,59.987753,2.83,71.0,280600.0,0,0,0,0,0,1,0,0,0,0,0,0,541590,213930.27160493826
625,235000.0,137.2,17.0,30.334391,59.987753,2.83,71.0,318649.8,0,0,0,0,0,1,0,0,0,0,0,0,541590,213930.27160493826
626,260000.0,137.5,4.0,30.267494,59.962724,6.78,27.0,247544.0,0,0,0,0,0,0,0,0,1,0,0,0,115757,268974.5714285714
627,360000.0,137.87,9.0,30.307568,59.985804,3.36,61.0,384120.0,1,0,0,0,0,0,0,0,0,0,0,0,699243,289144.3595505618
628,97754.0,138.0,1.0,30.361503,59.946211,3.85,40.0,217990.0,0,1,0,0,0,0,0,0,0,0,0,0,200654,235314.1
629,368623.0,139.8,1.0,30.310128,59.987226,3.25,84.0,233800.0,1,0,0,0,0,0,0,0,0,0,0,0,699243,289144.3595505618
630,55715.0,140.0,1.0,30.353795,59.946302,3.0,29.0,233800.0,0,1,0,0,0,0,0,0,0,0,0,0,200654,235314.1
631,266525.0,140.7,9.0,30.262823,60.110679,11.08,6.0,412000.0,0,0,0,0,0,1,0,0,0,0,0,0,541590,213930.27160493826
632,212766.0,141.0,22.0,30.153722,59.853442,19.6,91.0,237540.0,0,0,0,0,0,0,0,0,0,0,1,0,431546,260245.32727272727
633,212766.0,141.0,26.0,30.153722,59.853442,19.6,91.0,272540.0,0,0,0,0,0,0,0,0,0,0,1,0,431546,260245.32727272727
635,276871.0,142.63,9.0,30.288622,59.903823,4.58,42.0,407680.0,0,0,0,0,1,0,0,0,0,0,0,0,155981,239806.10465116278
636,237763.0,143.0,2.0,30.364781,60.052272,7.5,41.0,239800.0,0,0,0,0,0,1,0,0,0,0,0,0,541590,213930.27160493826
637,250000.0,143.0,4.0,30.430933,59.925335,11.54,27.0,322005.0,0,0,0,1,0,0,0,0,0,0,0,0,366971,228121.51162790696
638,261146.0,143.0,13.0,30.379523,60.017063,7.29,42.0,362664.8,0,0,1,0,0,0,0,0,0,0,0,0,536794,273406.70454545453
639,107816.0,143.3,15.0,30.235388,60.069036,11.97,33.0,362664.8,0,0,0,0,0,1,0,0,0,0,0,0,541590,213930.27160493826
640,250640.0,143.63,18.0,30.303382,59.997644,4.11,61.0,277664.8,1,0,0,0,0,0,0,0,0,0,0,0,699243,289144.3595505618
641,246700.0,143.9,6.0,30.326998,59.956444,1.08,33.0,454005.0,0,0,0,0,0,0,0,0,1,0,0,0,115757,268974.5714285714
642,229167.0,144.0,8.0,30.327079,59.961854,1.36,38.0,473005.0,0,0,0,0,0,0,0,0,1,0,0,0,115757,268974.5714285714
643,420070.0,144.6,25.0,30.304289,60.000857,4.17,65.0,216678.0,1,0,0,0,0,0,0,0,0,0,0,0,699243,289144.3595505618
644,332414.0,145.0,5.0,30.322066,59.926805,0.73,30.0,449005.0,0,0,0,0,1,0,0,0,0,0,0,0,155981,239806.10465116278
645,254997.0,145.1,5.0,30.316138,59.911854,1.73,55.0,449005.0,0,0,0,0,1,0,0,0,0,0,0,0,155981,239806.10465116278
646,350000.0,145.3,21.0,30.306849,59.998058,3.9,62.0,249449.8,1,0,0,0,0,0,0,0,0,0,0,0,699243,289144.3595505618
647,74075.0,145.8,8.0,30.25551,59.937269,7.98,48.0,473005.0,0,0,0,0,0,0,0,0,0,1,0,0,206680,277233.406779661
648,165000.0,145.8,9.0,30.157064,59.840438,19.34,87.0,473005.0,0,0,0,0,0,0,0,0,0,0,1,0,431546,260245.32727272727
649,297946.0,146.0,14.0,30.41594,59.847268,11.01,41.0,237322.2,0,0,0,0,0,0,1,0,0,0,0,0,413983,242403.375
650,300000.0,147.0,6.0,30.302869,59.960877,3.0,43.0,473005.0,0,0,0,0,0,0,0,0,1,0,0,0,115757,268974.5714285714
651,234967.0,147.0,10.0,30.276378,60.057011,8.21,29.0,369820.0,1,0,0,0,0,0,0,0,0,0,0,0,699243,289144.3595505618
652,193054.0,147.3,2.0,30.362284,60.043413,6.94,52.0,265253.4,0,0,0,0,0,1,0,0,0,0,0,0,541590,213930.27160493826
653,194977.0,147.3,5.0,30.362284,60.043413,6.94,52.0,441885.0,0,0,0,0,0,1,0,0,0,0,0,0,541590,213930.27160493826
654,350000.0,147.9,8.0,30.333816,59.918467,1.14,54.0,492000.0,0,0,0,0,1,0,0,0,0,0,0,0,155981,239806.10465116278
655,210284.0,148.0,16.0,30.258906,60.070796,10.0,12.0,254507.2,0,0,0,0,0,1,0,0,0,0,0,0,541590,213930.27160493826
656,133827.0,148.7,4.0,30.263056,59.942913,7.15,36.0,410000.0,0,0,0,0,0,0,0,0,0,1,0,0,206680,277233.406779661
657,300000.0,148.8,11.0,30.331741,59.977012,2.21,75.0,361500.0,0,0,0,0,0,1,0,0,0,0,0,0,541590,213930.27160493826
658,187827.0,149.0,13.0,30.194928,60.03625,15.38,5.0,360207.2,1,0,0,0,0,0,0,0,0,0,0,0,699243,289144.3595505618
659,200804.0,149.4,3.0,30.378984,59.858367,7.1,90.0,385000.0,0,0,0,0,0,0,1,0,0,0,0,0,413983,242403.375
660,160000.0,149.79,2.0,30.084013,59.724491,28.15,48.0,287253.4,0,0,0,0,0,0,0,0,0,0,1,0,431546,260245.32727272727
661,159883.0,149.9,2.0,30.082621,59.724677,28.29,47.0,287253.4,0,0,0,0,0,0,0,0,0,0,1,0,431546,260245.32727272727
662,55334.0,150.0,1.0,30.383466,59.991187,6.94,82.0,269653.4,0,0,1,0,0,0,0,0,0,0,0,0,536794,273406.70454545453
663,340000.0,150.0,2.0,30.257136,60.028474,8.98,70.0,287253.4,1,0,0,0,0,0,0,0,0,0,0,0,699243,289144.3595505618
664,229389.0,150.4,13.0,30.41594,59.847268,11.01,41.0,342207.2,0,0,0,0,0,0,1,0,0,0,0,0,413983,242403.375
665,346402.0,150.6,3.0,30.316165,59.92832,1.29,32.0,385000.0,0,0,0,0,1,0,0,0,0,0,0,0,155981,239806.10465116278
666,280000.0,150.6,3.0,30.316165,59.92832,1.29,32.0,385000.0,0,0,0,0,1,0,0,0,0,0,0,0,155981,239806.10465116278
667,75597.0,150.8,1.0,30.244308,60.072444,11.27,21.0,269653.4,0,0,0,0,0,1,0,0,0,0,0,0,541590,213930.27160493826
668,135431.0,151.0,1.0,30.358493,59.918151,3.59,36.0,195400.0,0,1,0,0,0,0,0,0,0,0,0,0,200654,235314.1
669,209431.0,151.1,1.0,30.333556,59.984922,2.66,69.0,195400.0,0,0,0,0,0,1,0,0,0,0,0,0,541590,213930.27160493826
671,125579.0,151.3,1.0,30.319309,59.931265,0.91,18.0,195400.0,0,1,0,0,0,0,0,0,0,0,0,0,200654,235314.1
672,155218.0,151.4,4.0,30.307675,59.922088,2.28,57.0,438090.0,0,0,0,0,1,0,0,0,0,0,0,0,155981,239806.10465116278
673,310000.0,151.93,9.0,30.307568,59.985804,3.36,61.0,319600.0,1,0,0,0,0,0,0,0,0,0,0,0,699243,289144.3595505618
674,263158.0,152.0,1.0,30.303399,59.9201,2.77,65.0,195400.0,0,0,0,0,1,0,0,0,0,0,0,0,155981,239806.10465116278
675,226974.0,152.0,13.0,30.41594,59.847268,11.01,41.0,360700.0,0,0,0,0,0,0,1,0,0,0,0,0,413983,242403.375
676,176974.0,152.0,16.0,30.3223,60.029413,4.85,89.0,273507.2,0,0,0,0,0,1,0,0,0,0,0,0,541590,213930.27160493826
677,226959.0,152.01,13.0,30.41594,59.847268,11.01,41.0,360700.0,0,0,0,0,0,0,1,0,0,0,0,0,413983,242403.375
678,75509.0,152.3,7.0,30.413299,59.958809,9.65,26.0,317690.0,0,0,0,1,0,0,0,0,0,0,0,0,366971,228121.51162790696
680,156863.0,153.0,1.0,30.289188,60.003637,5.42,70.0,195400.0,1,0,0,0,0,0,0,0,0,0,0,0,699243,289144.3595505618
681,248367.0,153.0,5.0,30.306247,59.929037,2.36,40.0,326088.6,0,0,0,0,1,0,0,0,0,0,0,0,155981,239806.10465116278
682,215405.0,153.2,18.0,30.159633,59.865325,18.88,86.0,275850.0,0,0,0,0,0,0,0,0,0,0,1,0,431546,260245.32727272727
683,377114.0,153.8,1.0,30.362374,59.937121,3.9,32.0,232400.0,0,1,0,0,0,0,0,0,0,0,0,0,200654,235314.1
684,250000.0,154.5,12.0,30.205959,60.029508,14.14,28.0,319900.0,1,0,0,0,0,0,0,0,0,0,0,0,699243,289144.3595505618
686,251613.0,155.0,26.0,30.380852,59.924001,5.99,65.0,161650.0,0,1,0,0,0,0,0,0,0,0,0,0,200654,235314.1
687,261430.0,155.3,3.0,30.328489,59.999597,3.31,77.0,319998.6,0,0,0,0,0,1,0,0,0,0,0,0,541590,213930.27160493826
688,225371.0,155.3,17.0,30.311143,60.014832,4.41,53.0,233850.0,1,0,0,0,0,0,0,0,0,0,0,0,699243,289144.3595505618
689,124200.0,156.2,1.0,30.398801,59.844981,9.38,42.0,339600.0,0,0,0,0,0,0,1,0,0,0,0,0,413983,242403.375
690,287540.0,156.5,1.0,30.296473,59.918647,3.53,55.0,339600.0,0,0,0,0,1,0,0,0,0,0,0,0,155981,239806.10465116278
691,319489.0,156.5,4.0,30.296653,59.918404,3.51,54.0,405998.6,0,0,0,0,1,0,0,0,0,0,0,0,155981,239806.10465116278
692,223500.0,156.6,16.0,30.409338,60.006125,9.93,33.0,201200.0,0,0,1,0,0,0,0,0,0,0,0,0,536794,273406.70454545453
693,178344.0,157.0,4.0,30.345854,59.917209,2.28,74.0,325998.6,0,1,0,0,0,0,0,0,0,0,0,0,200654,235314.1
694,315287.0,157.0,5.0,30.369551,59.931693,4.71,58.0,325998.6,0,1,0,0,0,0,0,0,0,0,0,0,200654,235314.1
695,189809.0,157.0,19.0,30.236304,60.034915,11.13,83.0,197970.0,1,0,0,0,0,0,0,0,0,0,0,0,699243,289144.3595505618
696,174937.0,157.2,3.0,30.361889,59.900006,4.29,31.0,405998.6,0,0,0,0,0,0,1,0,0,0,0,0,413983,242403.375
697,139594.0,157.6,2.0,30.345432,59.973577,2.84,58.0,360000.0,0,0,0,0,0,1,0,0,0,0,0,0,541590,213930.27160493826
699,72464.0,158.7,1.0,30.284526,59.920082,4.81,50.0,360000.0,0,0,0,0,1,0,0,0,0,0,0,0,155981,239806.10465116278
701,120000.0,159.2,1.0,30.418779,59.87924,10.65,21.0,381760.0,0,0,0,0,0,0,0,1,0,0,0,0,547896,229456.3777777778
702,292241.0,159.8,25.0,30.330511,60.028928,4.85,65.0,231958.0,0,0,0,0,0,1,0,0,0,0,0,0,541590,213930.27160493826
703,168750.0,160.0,20.0,30.433565,59.935205,11.82,38.0,232958.0,0,0,0,1,0,0,0,0,0,0,0,0,366971,228121.51162790696
704,168225.0,160.5,12.0,30.433565,59.935205,11.82,38.0,214950.0,0,0,0,1,0,0,0,0,0,0,0,0,366971,228121.51162790696
705,168225.0,160.5,13.0,30.433565,59.935205,11.82,38.0,214950.0,0,0,0,1,0,0,0,0,0,0,0,0,366971,228121.51162790696
707,237038.0,162.0,5.0,30.306553,59.970736,2.91,58.0,312896.8,0,0,0,0,0,0,0,0,1,0,0,0,115757,268974.5714285714
708,115433.0,162.0,6.0,30.456149,59.865862,14.88,24.0,312896.8,0,0,0,0,0,0,0,1,0,0,0,0,547896,229456.3777777778
710,293399.0,163.6,12.0,30.327582,60.033499,5.06,97.0,266950.0,0,0,0,0,0,1,0,0,0,0,0,0,541590,213930.27160493826
711,231708.0,164.0,1.0,30.41126,59.928217,9.35,42.0,265000.0,0,0,0,1,0,0,0,0,0,0,0,0,366971,228121.51162790696
712,134147.0,164.0,5.0,30.442773,59.885616,13.15,17.0,272100.0,0,0,0,0,0,0,0,1,0,0,0,0,547896,229456.3777777778
713,407295.0,164.5,19.0,30.203112,59.930791,13.81,20.0,228308.0,0,0,0,0,0,0,0,0,0,1,0,0,206680,277233.406779661
714,151516.0,165.0,4.0,30.314521,59.914434,1.78,57.0,271600.0,0,0,0,0,1,0,0,0,0,0,0,0,155981,239806.10465116278
715,333313.0,165.1,1.0,30.245728,59.962048,9.16,41.0,207800.0,0,0,0,0,0,0,0,0,1,0,0,0,115757,268974.5714285714
716,250000.0,165.45,10.0,30.341533,59.966953,2.29,56.0,318800.0,0,0,0,0,0,1,0,0,0,0,0,0,541590,213930.27160493826
717,362319.0,165.6,11.0,30.329451,59.985462,2.6,84.0,318800.0,1,0,0,0,0,0,0,0,0,0,0,0,699243,289144.3595505618
718,57126.0,166.3,1.0,30.22883,59.960179,11.01,75.0,184800.0,0,0,0,0,0,0,0,0,0,1,0,0,206680,277233.406779661
719,188364.0,167.0,13.0,30.194928,60.03625,15.38,5.0,257400.0,1,0,0,0,0,0,0,0,0,0,0,0,699243,289144.3595505618
720,260327.0,167.0,13.0,30.379523,60.017063,7.29,42.0,257400.0,0,0,1,0,0,0,0,0,0,0,0,0,536794,273406.70454545453
721,200000.0,168.0,1.0,30.345764,59.908561,2.49,76.0,300800.0,0,0,0,0,0,0,1,0,0,0,0,0,413983,242403.375
722,245834.0,168.0,17.0,30.481796,60.007636,17.69,32.0,285720.0,0,0,0,1,0,0,0,0,0,0,0,0,366971,228121.51162790696
723,301457.0,170.0,1.0,30.245728,59.962048,9.16,41.0,298800.0,0,0,0,0,0,0,0,0,1,0,0,0,115757,268974.5714285714
724,327670.0,170.0,3.0,30.245566,59.963066,9.18,40.0,452399.8,0,0,0,0,0,0,0,0,1,0,0,0,115757,268974.5714285714
725,352942.0,170.0,5.0,30.361134,59.940785,3.78,27.0,477259.8,0,1,0,0,0,0,0,0,0,0,0,0,200654,235314.1
726,305703.0,170.1,14.0,30.31329,59.866468,3.84,84.0,312900.0,0,0,0,0,0,0,0,0,0,0,0,1,335221,314777.01785714284
727,260083.0,170.5,5.0,30.318617,59.855927,4.18,57.0,477259.8,0,0,0,0,0,0,0,0,0,0,0,1,335221,314777.01785714284
728,172675.0,172.0,1.0,30.330996,59.957079,1.19,24.0,373952.0,0,0,0,0,0,0,0,0,1,0,0,0,115757,268974.5714285714
729,393024.0,172.0,5.0,30.340563,59.925628,1.56,70.0,477259.8,0,1,0,0,0,0,0,0,0,0,0,0,200654,235314.1
730,114886.0,174.0,4.0,30.288838,59.985034,4.93,48.0,367212.0,1,0,0,0,0,0,0,0,0,0,0,0,699243,289144.3595505618
731,171429.0,175.0,10.0,30.469974,59.911101,15.93,35.0,316476.0,0,0,0,0,0,0,0,1,0,0,0,0,547896,229456.3777777778
732,293953.0,178.6,1.0,30.289467,59.95584,4.32,74.0,274000.0,0,0,0,0,0,0,0,0,1,0,0,0,115757,268974.5714285714
733,111174.0,179.0,1.0,30.343132,60.036488,5.57,59.0,274000.0,0,0,0,0,0,1,0,0,0,0,0,0,541590,213930.27160493826
734,135000.0,179.0,27.0,30.317961,60.069598,6.93,47.0,417427.4,0,0,0,0,0,1,0,0,0,0,0,0,541590,213930.27160493826
735,267858.0,179.2,5.0,30.373612,59.936589,5.15,42.0,310423.0,0,1,0,0,0,0,0,0,0,0,0,0,200654,235314.1
736,288889.0,180.0,2.0,30.257136,60.028474,8.98,70.0,274000.0,1,0,0,0,0,0,0,0,0,0,0,0,699243,289144.3595505618
737,361112.0,180.0,2.0,30.371384,59.936178,4.9,51.0,274000.0,0,1,0,0,0,0,0,0,0,0,0,0,200654,235314.1
738,301457.0,180.5,1.0,30.245728,59.962048,9.16,41.0,274000.0,0,0,0,0,0,0,0,0,1,0,0,0,115757,268974.5714285714
739,209940.0,181.0,4.0,30.297372,59.919491,3.42,55.0,300423.0,0,0,0,0,1,0,0,0,0,0,0,0,155981,239806.10465116278
740,212556.0,181.6,16.0,30.273171,59.963539,6.17,37.0,375895.4,0,0,0,0,0,0,0,0,1,0,0,0,115757,268974.5714285714
741,164377.0,181.9,5.0,30.349348,59.924488,2.52,46.0,334423.0,0,1,0,0,0,0,0,0,0,0,0,0,200654,235314.1
742,247253.0,182.0,9.0,30.173844,59.82921,17.67,38.0,481675.0,0,0,0,0,0,0,0,0,0,0,1,0,431546,260245.32727272727
743,179311.0,182.7,3.0,30.333466,60.039436,5.44,79.0,250424.0,0,0,0,0,0,1,0,0,0,0,0,0,541590,213930.27160493826
744,245902.0,183.0,1.0,30.31108,59.870849,3.74,77.0,274000.0,0,0,0,0,0,0,0,0,0,0,0,1,335221,314777.01785714284
745,220000.0,183.9,5.0,30.387724,60.026051,8.34,50.0,456275.0,0,0,1,0,0,0,0,0,0,0,0,0,536794,273406.70454545453
746,173630.0,184.3,12.0,30.49413,59.896973,18.69,27.0,396095.4,0,0,0,0,0,0,0,1,0,0,0,0,547896,229456.3777777778
748,432433.0,185.0,6.0,30.315913,59.851562,4.46,66.0,475475.0,0,0,0,0,0,0,0,0,0,0,0,1,335221,314777.01785714284
750,129033.0,186.0,5.0,30.304424,59.919982,2.66,66.0,386600.0,0,0,0,0,1,0,0,0,0,0,0,0,155981,239806.10465116278
751,276882.0,186.0,17.0,30.173755,59.832593,17.64,47.0,368995.4,0,0,0,0,0,0,0,0,0,0,1,0,431546,260245.32727272727
753,402577.0,186.3,22.0,30.313955,59.851598,4.52,76.0,470095.4,0,0,0,0,0,0,0,0,0,0,0,1,335221,314777.01785714284
754,402577.0,186.3,26.0,30.310523,59.874359,3.61,66.0,470095.4,0,0,0,0,0,0,0,0,0,0,0,1,335221,314777.01785714284
755,213904.0,187.0,4.0,30.322255,60.014652,4.1,70.0,377250.0,0,0,0,0,0,1,0,0,0,0,0,0,541590,213930.27160493826
756,298667.0,187.5,1.0,30.362949,59.931824,3.97,40.0,249250.0,0,1,0,0,0,0,0,0,0,0,0,0,200654,235314.1
758,159947.0,187.5,23.0,30.312113,60.053813,6.24,76.0,470095.4,0,0,0,0,0,1,0,0,0,0,0,0,541590,213930.27160493826
759,263719.0,187.7,6.0,30.277789,59.905073,5.7,41.0,376600.0,0,0,0,0,1,0,0,0,0,0,0,0,155981,239806.10465116278
760,204997.0,187.92,5.0,30.387724,60.026051,8.34,50.0,376600.0,0,0,1,0,0,0,0,0,0,0,0,0,536794,273406.70454545453
761,200000.0,188.3,6.0,30.369012,59.929853,4.65,53.0,376600.0,0,1,0,0,0,0,0,0,0,0,0,0,200654,235314.1
762,240869.0,188.9,24.0,30.459545,59.897063,14.87,40.0,462400.0,0,0,0,0,0,0,0,1,0,0,0,0,547896,229456.3777777778
764,135000.0,191.8,6.0,30.464324,59.962093,15.32,28.0,335280.0,0,0,0,1,0,0,0,0,0,0,0,0,366971,228121.51162790696
765,259896.0,192.0,25.0,30.356625,59.839642,6.03,71.0,477864.0,0,0,0,0,0,0,0,0,0,0,0,1,335221,314777.01785714284
766,259221.0,192.5,24.0,30.356625,59.839642,6.03,71.0,477864.0,0,0,0,0,0,0,0,0,0,0,0,1,335221,314777.01785714284
767,254546.0,192.5,26.0,30.356625,59.839642,6.03,71.0,477864.0,0,0,0,0,0,0,0,0,0,0,0,1,335221,314777.01785714284
769,258913.0,195.8,5.0,30.318572,59.856469,4.15,56.0,444630.8,0,0,0,0,0,0,0,0,0,0,0,1,335221,314777.01785714284
771,149823.0,196.9,1.0,30.301675,59.959138,3.09,39.0,341500.0,0,0,0,0,0,0,0,0,1,0,0,0,115757,268974.5714285714
772,333206.0,197.0,3.0,30.245566,59.963066,9.18,40.0,460784.8,0,0,0,0,0,0,0,0,1,0,0,0,115757,268974.5714285714
773,306083.0,197.3,1.0,30.245728,59.962048,9.16,41.0,391500.0,0,0,0,0,0,0,0,0,1,0,0,0,115757,268974.5714285714
774,256131.0,199.0,5.0,30.319848,59.855304,4.18,55.0,421284.8,0,0,0,0,0,0,0,0,0,0,0,1,335221,314777.01785714284
775,253080.0,199.4,5.0,30.319848,59.855304,4.18,55.0,421284.8,0,0,0,0,0,0,0,0,0,0,0,1,335221,314777.01785714284
776,110000.0,200.0,5.0,30.112121,59.846201,24.18,29.0,409986.8,0,0,0,0,0,0,0,0,0,0,1,0,431546,260245.32727272727
777,360000.0,200.0,5.0,30.345773,59.924984,2.13,60.0,490186.8,0,1,0,0,0,0,0,0,0,0,0,0,200654,235314.1
778,225000.0,200.0,26.0,30.223467,59.940366,11.55,71.0,413132.0,0,0,0,0,0,0,0,0,0,1,0,0,206680,277233.406779661
