WKT	NAME	NAME_EN	NAME_RU	RAILWAY	REF	OSM_TYPE	OSM_ID
"POLYGON ((29.830979 59.8869992,29.8316005 59.8868575,29.833753 59.8863666,29.834395 59.8862202,29.8343669 59.8861892,29.830951 59.8869682,29.830979 59.8869992))"				platform		relation	"2562277"
"POLYGON ((29.8343236 59.8861161,29.8342913 59.8860804,29.8336833 59.886219,29.8321263 59.8865737,29.831468 59.8867237,29.8314559 59.8867104,29.831345 59.8867357,29.8313573 59.8867493,29.8311962 59.886786,29.8305047 59.8869436,29.8303889 59.88697,29.8304208 59.8870053,29.8343236 59.8861161))"				platform		relation	"2562278"
"POLYGON ((30.2763607 59.9430395,30.2763253 59.9429992,30.276282 59.9429482,30.2762461 59.942906,30.2742649 59.9433328,30.2743795 59.9434663,30.2763607 59.9430395))"				platform		relation	"2612932"
"POLYGON ((30.3181763 59.9051001,30.3180161 59.9050799,30.3181595 59.9047931,30.3181201 59.9047881,30.3180848 59.9047837,30.3175646 59.9058244,30.3175999 59.9058288,30.3176452 59.9058345,30.3177951 59.9055346,30.3178313 59.9055391,30.3178942 59.9055471,30.3179375 59.9055525,30.3177885 59.9058505,30.3178336 59.9058561,30.3178732 59.9058611,30.3183928 59.9048216,30.3183532 59.9048166,30.3183201 59.9048124,30.3181763 59.9051001))"				platform		relation	"2618392"
"POLYGON ((30.3179393 59.8923701,30.3178701 59.8920687,30.3178117 59.892072,30.317775 59.8920742,30.3179544 59.892856,30.3180215 59.8931483,30.3180582 59.8931462,30.3180975 59.8931439,30.3180365 59.8928781,30.3181223 59.8928731,30.3182067 59.8928682,30.3182666 59.8931296,30.3182942 59.893128,30.3183301 59.893126,30.3180857 59.892061,30.3180499 59.8920631,30.3180066 59.8920656,30.3180747 59.8923622,30.3180505 59.8923636,30.3179626 59.8923687,30.3179393 59.8923701))"				platform		relation	"2618403"
"POLYGON ((30.3511358 59.9136993,30.3512194 59.9136857,30.3512697 59.9136776,30.3513853 59.9138565,30.3514349 59.9138484,30.351478 59.9138414,30.3505782 59.9124482,30.3505431 59.9124539,30.3505027 59.9124604,30.3507133 59.9127865,30.3506502 59.9127968,30.3505702 59.9128098,30.3503608 59.9124855,30.3503134 59.9124932,30.3502714 59.9125,30.3511699 59.9138913,30.3512118 59.9138845,30.3512513 59.9138781,30.3511358 59.9136993))"				platform		relation	"2656881"
"POLYGON ((30.3313351 59.9210608,30.3338789 59.9216486,30.3339029 59.9216225,30.3339289 59.9215942,30.3338117 59.9215671,30.3338962 59.9214752,30.3340161 59.9215029,30.3340274 59.9214906,30.3340536 59.9214621,30.3317061 59.9209197,30.3314906 59.9208699,30.3314643 59.9208984,30.3314368 59.9209283,30.3317224 59.9209943,30.3317087 59.9210091,30.3316718 59.9210492,30.3316591 59.9210631,30.3313901 59.921001,30.3313591 59.9210347,30.3313351 59.9210608),(30.3327289 59.9213312,30.3327563 59.9213039,30.3329037 59.9213411,30.3328763 59.9213683,30.3327289 59.9213312))"				platform		relation	"2656886"
"POLYGON ((30.3314394 59.9217885,30.3340683 59.9222166,30.3340783 59.9221949,30.3340899 59.9221695,30.3335873 59.9220849,30.3335961 59.9220693,30.3337369 59.9220922,30.3337557 59.922067,30.3337742 59.9220391,30.3336321 59.9220161,30.3336376 59.9220051,30.3341295 59.9220869,30.334142 59.9220652,30.3341546 59.9220435,30.3315567 59.9216062,30.3315413 59.9216269,30.3315243 59.9216512,30.3320943 59.9217434,30.3320639 59.9217916,30.3320359 59.9218373,30.3314618 59.9217441,30.331451 59.9217658,30.3314394 59.9217885))"				platform		relation	"2656887"
"POLYGON ((30.369938 59.8827117,30.3699919 59.8827198,30.3700375 59.8827267,30.3701234 59.8825836,30.3701645 59.8825899,30.3701938 59.8825943,30.3701099 59.8827341,30.3701641 59.8827423,30.370207 59.8827488,30.3709112 59.8815757,30.370876 59.8815703,30.3708427 59.8815653,30.3706009 59.8819682,30.3705363 59.8819584,30.3704526 59.8819458,30.3706902 59.88155,30.370665 59.8815462,30.3706398 59.8815423,30.369938 59.8827117))"				platform		relation	"2692267"
"POLYGON ((30.3807708 59.8692828,30.3807945 59.8692919,30.3808157 59.8692999,30.3809304 59.8692242,30.380958 59.8692347,30.3809778 59.8692422,30.3808661 59.8693161,30.3808905 59.8693254,30.3809114 59.8693334,30.3830325 59.8679322,30.3830192 59.8679271,30.3829983 59.8679192,30.3827549 59.86808,30.3826758 59.8681323,30.3826626 59.8681272,30.3827416 59.868075,30.382816 59.868026,30.382794 59.8680176,30.382779 59.8680119,30.3826269 59.8681123,30.3826088 59.8681054,30.3829306 59.8678928,30.3829147 59.8678867,30.3828953 59.8678793,30.3807708 59.8692828))"				platform		relation	"2692293"
"POLYGON ((30.3013096 59.9075599,30.3039454 59.9079869,30.3040038 59.9078962,30.304059 59.9078105,30.3014232 59.9073836,30.301368 59.9074693,30.3013096 59.9075599))"				platform		relation	"2705067"
"POLYGON ((30.3222422 59.8505505,30.3221872 59.8522406,30.322305 59.8522416,30.3223987 59.8522423,30.3225287 59.8522434,30.3225837 59.8505534,30.3224642 59.8505524,30.3223736 59.8505516,30.3222422 59.8505505))"				platform		relation	"2718236"
"POLYGON ((30.4137772 59.929331,30.4166096 59.9298977,30.416638 59.9298621,30.4138056 59.9292954,30.4137924 59.9293119,30.4137772 59.929331))"				platform		relation	"2925269"
"POLYGON ((30.2921142 59.9600091,30.2922917 59.9600182,30.2924775 59.9600288,30.292717 59.9586396,30.2923846 59.9586202,30.2921142 59.9600091))"				platform		relation	"4069761"
"POLYGON ((30.3593722 59.9306102,30.3594084 59.9306018,30.3594297 59.9305968,30.3593558 59.930517,30.3594054 59.9305055,30.3594765 59.9305823,30.3595136 59.9305737,30.3595852 59.9305571,30.3596237 59.9305482,30.35955 59.9304685,30.3595919 59.9304588,30.359666 59.9305389,30.3597011 59.9305307,30.3597363 59.9305225,30.3591738 59.9299143,30.3586043 59.9292986,30.3585691 59.9293067,30.3585301 59.9293158,30.3586064 59.9293983,30.3585631 59.9294083,30.3584885 59.9293276,30.3584235 59.9293427,30.35837 59.9293551,30.3584461 59.9294375,30.3583931 59.9294498,30.3583189 59.9293696,30.3582777 59.9293792,30.3582414 59.9293876,30.358805 59.929997,30.3593722 59.9306102),(30.3589689 59.9300896,30.3590096 59.9300793,30.3591512 59.9302197,30.3591104 59.93023,30.3589689 59.9300896),(30.3592999 59.930188,30.3591529 59.9300428,30.3591974 59.9300314,30.3593444 59.9301767,30.3592999 59.930188))"				platform		relation	"5633943"
"POLYGON ((30.4340609 59.6941144,30.434108 59.6940946,30.4341476 59.694078,30.4338675 59.6939071,30.4335647 59.6937222,30.4335386 59.6937071,30.4335106 59.6936892,30.4333885 59.6936145,30.4333705 59.6936029,30.4333896 59.6935954,30.433292 59.6935335,30.4333196 59.6935227,30.4332038 59.6934495,30.4331442 59.6934119,30.4330871 59.6933758,30.4329713 59.6933026,30.4329425 59.6933139,30.4328461 59.6932516,30.4328217 59.693237,30.4327459 59.6931912,30.432697 59.6932109,30.432674 59.6931963,30.4326953 59.6931878,30.4326804 59.6931782,30.4326695 59.6931712,30.4326605 59.6931654,30.4326516 59.6931599,30.432643 59.6931547,30.4326346 59.6931495,30.4326079 59.6931332,30.4325523 59.6930992,30.4320281 59.6927758,30.4319159 59.6927091,30.4318949 59.6926961,30.4318701 59.6926806,30.4316285 59.6925302,30.4312925 59.6923206,30.4312717 59.692329,30.4312102 59.6923541,30.4311972 59.6923591,30.4340609 59.6941144))"				platform	"1"	relation	"7504026"
"POLYGON ((30.2682532 59.8514486,30.2683943 59.8514484,30.2685303 59.8514482,30.268521 59.8498512,30.2683851 59.8498514,30.2682439 59.8498516,30.2682532 59.8514486))"				platform		relation	"7945212"
"POLYGON ((30.3201381 59.9266753,30.3202126 59.9266689,30.320104 59.9263479,30.3201315 59.9263454,30.3201947 59.92634,30.3202199 59.9263379,30.3203287 59.9266596,30.320406 59.926653,30.320063 59.925599,30.3199297 59.9256109,30.3197953 59.925622,30.3200249 59.9263365,30.3201381 59.9266753),(30.3200894 59.9259962,30.3200765 59.925955,30.3201324 59.9259506,30.3201453 59.925992,30.3200894 59.9259962),(30.3199638 59.9260062,30.3199506 59.9259639,30.3200011 59.9259596,30.3200075 59.9259806,30.3200142 59.9260019,30.3199638 59.9260062))"				platform		relation	"8276303"
"POLYGON ((30.3190603 59.9265388,30.3189867 59.9265431,30.3194519 59.9282845,30.319549 59.9282781,30.3196567 59.928271,30.319215 59.9265313,30.319143 59.9265344,30.3190988 59.9265368,30.3190603 59.9265388),(30.3193029 59.9273914,30.3193275 59.9273902,30.31935 59.9273891,30.3193551 59.9274151,30.319308 59.9274174,30.3193029 59.9273914),(30.3193141 59.9274731,30.3193083 59.927447,30.3193676 59.9274437,30.3193734 59.9274699,30.3193455 59.9274714,30.3193141 59.9274731))"				platform		relation	"8362431"
"POLYGON ((30.3566917 59.9308736,30.3576919 59.930603,30.3588386 59.9302927,30.3587968 59.9302539,30.358735 59.9301966,30.3586929 59.9301576,30.357548 59.9304674,30.356546 59.9307385,30.3566464 59.9308316,30.3566917 59.9308736),(30.3578558 59.9305103,30.3577928 59.930529,30.357743 59.9304869,30.357806 59.9304682,30.3578258 59.930485,30.3578558 59.9305103),(30.3574003 59.930629,30.3573796 59.9306069,30.3573639 59.9305901,30.3574614 59.9305672,30.3574977 59.9306061,30.3574003 59.930629))"				platform		relation	"8362462"
"POLYGON ((30.3757168 59.8307009,30.3761259 59.8298626,30.3762417 59.8296251,30.3766529 59.8287825,30.3765604 59.8287707,30.3764705 59.8287592,30.3755373 59.8306786,30.37563 59.8306901,30.3757168 59.8307009))"				platform	"1"	relation	"8413205"
"POLYGON ((30.3768188 59.8288033,30.3764011 59.8296454,30.3762837 59.8298821,30.3758666 59.8307196,30.3759445 59.8307293,30.3760255 59.8307393,30.3769798 59.8288249,30.3768999 59.8288142,30.3768188 59.8288033))"				platform	"2"	relation	"8413206"
"POLYGON ((30.2568486 60.0097265,30.2556194 60.0108008,30.2556826 60.0108189,30.2557253 60.0108311,30.2558399 60.0107309,30.2561371 60.0108158,30.2560208 60.0109175,30.2560646 60.01093,30.2560982 60.0109396,30.2573328 60.0098605,30.257291 60.0098485,30.2572424 60.0098347,30.2571642 60.009903,30.2570765 60.0098779,30.2571542 60.00981,30.2571033 60.0097955,30.2570638 60.0097842,30.2569822 60.0098555,30.2569133 60.0098358,30.2569916 60.0097674,30.2569255 60.0097485,30.2568486 60.0097265),(30.2559429 60.0106417,30.2560642 60.0105361,30.256188 60.0105716,30.2563628 60.0106217,30.2562415 60.0107273,30.2559429 60.0106417))"				platform		relation	"9269450"
"POLYGON ((30.2517339 59.9878954,30.2554501 59.988178,30.2554561 59.98816,30.255462 59.9881413,30.2553142 59.9881298,30.2549243 59.9880993,30.2546464 59.9880775,30.254566 59.9880712,30.2542094 59.9880398,30.2533262 59.9879743,30.252924 59.9879427,30.252881 59.9879394,30.2528356 59.9879358,30.2517515 59.9878415,30.251742 59.9878694,30.2517339 59.9878954))"				platform		relation	"9269512"
"POLYGON ((30.3581916 59.9585411,30.3582353 59.9585343,30.3583004 59.9585241,30.3579333 59.9578553,30.3575582 59.9571874,30.3573387 59.9567967,30.3569916 59.9561787,30.3571609 59.9561549,30.3575079 59.9567727,30.3577274 59.9571634,30.3581026 59.9578314,30.3584602 59.9584356,30.3584905 59.9584299,30.3585208 59.9584242,30.3584573 59.9582698,30.3583706 59.9580701,30.35824 59.9578121,30.3578646 59.9571439,30.3576452 59.9567532,30.3572996 59.9561379,30.3574726 59.9561136,30.3578181 59.9567286,30.3580375 59.9571193,30.358413 59.9577877,30.3585451 59.9580467,30.3586389 59.9582513,30.3587038 59.9584017,30.358742 59.9583989,30.3587855 59.9583957,30.3587302 59.9582392,30.3586341 59.958028,30.3585161 59.9577732,30.3581406 59.9571047,30.3579211 59.956714,30.3575729 59.9560936,30.3575149 59.9559915,30.3574203 59.9558248,30.3575228 59.9558103,30.3575048 59.9557763,30.3574872 59.9557432,30.3574544 59.9557478,30.3574584 59.9557549,30.3574294 59.955759,30.3572779 59.9557805,30.3571163 59.9558034,30.3571792 59.9559147,30.3569913 59.9559413,30.3569972 59.9559518,30.356664 59.9559992,30.3563073 59.9560497,30.3562977 59.9560327,30.3562603 59.956038,30.3562388 59.9560317,30.3562025 59.9559675,30.3562565 59.9559599,30.356209 59.9558704,30.3562314 59.9558672,30.3561685 59.9557621,30.3561292 59.9557687,30.356115 59.9558064,30.356158 59.9558889,30.3559684 59.9559152,30.3560089 59.9559867,30.3560548 59.9560679,30.3560774 59.9560647,30.356125 59.9561486,30.3565552 59.9569088,30.3566255 59.9568988,30.3568158 59.957235,30.3566314 59.9572612,30.3566513 59.9572957,30.3566717 59.9573309,30.3567857 59.9573147,30.3567973 59.9573131,30.3568019 59.9573212,30.3568804 59.9573099,30.3570987 59.9576986,30.357117 59.957696,30.3572597 59.9579501,30.3575712 59.9584543,30.358314 59.9595869,30.3584092 59.9595699,30.3576578 59.958439,30.3573522 59.9579371,30.3564104 59.9562605,30.3565857 59.9562358,30.3569331 59.9568544,30.3571526 59.9572451,30.3575274 59.9579124,30.357702 59.9582084,30.3579434 59.9585828,30.3579822 59.958576,30.3580114 59.9585709,30.3576406 59.9578965,30.3572657 59.957229,30.3570462 59.9568383,30.3566989 59.9562199,30.3568744 59.9561952,30.3572216 59.9568134,30.357441 59.9572041,30.3578161 59.9578718,30.3581916 59.9585411))"				platform		relation	"12715182"
"POLYGON ((30.4122008 59.9283668,30.4122009 59.9283668,30.4122463 59.9283742,30.412292 59.9283817,30.4126541 59.9279187,30.4126094 59.9279101,30.412562 59.9279009,30.4125615 59.9279008,30.4122008 59.9283668))"	Заневская площадь			platform		relation	"15916796"
"POLYGON ((30.4124006 59.9284069,30.4124456 59.9284151,30.4124877 59.9284227,30.4124896 59.9284231,30.4128202 59.9280078,30.4128956 59.9279662,30.4128943 59.9279659,30.4128259 59.9279513,30.4127754 59.9279406,30.4124006 59.9284069))"	станция метро «Новочеркасская»			platform		relation	"15916797"
"POLYGON ((30.4159337 59.9250145,30.4158782 59.9249994,30.4158183 59.9249831,30.4158177 59.9249829,30.4155254 59.9252393,30.4155274 59.9252398,30.4155817 59.9252543,30.4156373 59.9252692,30.4159337 59.9250145))"	Таллинская улица			platform		relation	"15916834"
"POLYGON ((30.416377 59.9247436,30.4164267 59.9247589,30.4164935 59.9247793,30.4164943 59.9247796,30.4168222 59.9245232,30.4168204 59.9245226,30.4167648 59.9245049,30.4167096 59.9244872,30.4165027 59.9246427,30.416377 59.9247436))"	Таллинская улица			platform		relation	"15916835"
"POLYGON ((30.4190178 59.9226659,30.4189798 59.9226532,30.418919 59.9226328,30.4186294 59.9228496,30.4186851 59.9228683,30.4187283 59.9228827,30.4190178 59.9226659))"	Рижская улица			platform		relation	"15916944"
"POLYGON ((30.4196959 59.9222735,30.4197542 59.9222939,30.4198096 59.9223133,30.4201746 59.9220508,30.4201179 59.922031,30.4200609 59.9220111,30.4196959 59.9222735))"	Рижская улица			platform		relation	"15916945"
"POLYGON ((30.5610876 59.8086592,30.5611303 59.8086876,30.5614501 59.8085656,30.5639429 59.8076153,30.5640762 59.8075645,30.5640335 59.8075361,30.5610876 59.8086592))"				platform		way	"37133563"
"POLYGON ((30.2580032 60.0815655,30.2599889 60.0799591,30.2599208 60.0799382,30.259877 60.0799247,30.2578913 60.0815311,30.2580032 60.0815655))"				platform	"2"	way	"38094706"
"POLYGON ((30.2581927 60.0816899,30.2585852 60.0813724,30.2586582 60.0813135,30.2601805 60.0800823,30.2601626 60.0800768,30.2601243 60.080065,30.2581365 60.0816726,30.2581927 60.0816899))"				platform	"1"	way	"38094707"
"POLYGON ((30.5637752 59.8073642,30.5608158 59.8084945,30.5608352 59.8085074,30.5608552 59.8085206,30.5638146 59.8073903,30.5637946 59.8073771,30.5637752 59.8073642))"				platform		way	"38182308"
"POLYGON ((30.3145296 60.0155639,30.3135616 60.0173821,30.3136748 60.0173969,30.3140364 60.0167175,30.3141359 60.0167306,30.3142764 60.0164649,30.3141986 60.0164546,30.3142194 60.0164153,30.3142972 60.0164256,30.3143109 60.0164,30.3144176 60.0162007,30.314329 60.016189,30.3143009 60.0161853,30.3143926 60.0160118,30.3144174 60.0160151,30.3144872 60.0160243,30.3145676 60.0158695,30.3144868 60.0158589,30.3145911 60.0156631,30.3146354 60.0155778,30.3145296 60.0155639))"				platform	"1"	way	"39596899"
"POLYGON ((30.313115 60.0176989,30.313045 60.0178273,30.313024 60.0178657,30.3127976 60.018281,30.3127805 60.0183124,30.3125677 60.0187026,30.3123441 60.0191125,30.3122328 60.0193167,30.3121207 60.0195222,30.3122141 60.0195349,30.3132083 60.0177116,30.313115 60.0176989))"				platform		way	"39596900"
"POLYGON ((30.3530091 59.9903679,30.3530061 59.9903815,30.3530032 59.990395,30.3541161 59.9904556,30.3548373 59.9904948,30.356566 59.9905888,30.3565778 59.9905345,30.354849 59.9904405,30.3541279 59.9904013,30.353015 59.9903407,30.3530091 59.9903679))"				platform		way	"45084033"
"POLYGON ((30.4227212 59.9886129,30.4227304 59.9886313,30.4227373 59.9886451,30.4242185 59.9884605,30.4257558 59.9882688,30.4268727 59.9881296,30.4268638 59.9881118,30.4268567 59.9880974,30.4227212 59.9886129))"				platform		way	"45084210"
"POLYGON ((30.4268435 59.9879377,30.4232799 59.9883914,30.4233138 59.9884581,30.4268774 59.9880044,30.4268435 59.9879377))"				platform		way	"45084228"
"POLYGON ((30.5118095 59.9815544,30.5158649 59.9810167,30.5158564 59.9810006,30.5158393 59.9809683,30.5158308 59.9809522,30.5117754 59.9814899,30.5117839 59.981506,30.5117924 59.9815222,30.5118095 59.9815544))"				platform	"1"	way	"45084306"
"POLYGON ((30.5479201 59.9798285,30.5504929 59.9810342,30.5505463 59.9810057,30.5479735 59.9798,30.5479201 59.9798285))"				platform		way	"45084339"
"POLYGON ((30.5477481 59.9795844,30.5504346 59.9808493,30.5504835 59.9808233,30.547797 59.9795584,30.5477725 59.9795714,30.5477481 59.9795844))"				platform		way	"45084348"
"POLYGON ((30.6134941 59.7506523,30.6135481 59.7506708,30.6135783 59.7506813,30.614266 59.7501607,30.6143461 59.7501894,30.6147537 59.7498744,30.6148069 59.7498334,30.6152077 59.749504,30.6151114 59.7494738,30.6157731 59.7489541,30.6156846 59.7489268,30.6134941 59.7506523))"				platform		way	"51433073"
"POLYGON ((30.6155458 59.748884,30.6155121 59.7488736,30.6154514 59.7488549,30.6145945 59.7495215,30.6145447 59.749506,30.6143227 59.7496788,30.6140653 59.749871,30.6141377 59.7498957,30.6132542 59.7505701,30.6132918 59.750583,30.6133455 59.7506014,30.6155458 59.748884))"				platform		way	"51433074"
"POLYGON ((30.4364736 60.0163932,30.4365093 60.0165009,30.4365601 60.0164967,30.4365244 60.0163889,30.4365026 60.0163908,30.4364736 60.0163932))"	Депо Ручьи			platform		way	"56196824"
"POLYGON ((30.1260415 60.1226016,30.1260753 60.1226443,30.1300856 60.1218566,30.1300519 60.121814,30.1260415 60.1226016))"				platform	"1"	way	"72891135"
"POLYGON ((29.9465635 60.1577937,29.9425557 60.1585889,29.9425868 60.1586277,29.9435651 60.1584336,29.9465946 60.1578325,29.9465635 60.1577937))"				platform	"1"	way	"72891149"
"POLYGON ((29.9424731 60.158479,29.9425011 60.1585142,29.9465116 60.1577238,29.9464836 60.1576886,29.9461618 60.157752,29.9434104 60.1582943,29.9424731 60.158479))"				platform	"2"	way	"72891164"
"POLYGON ((30.2165437 60.1046182,30.2165743 60.1046567,30.2200704 60.1039634,30.2200397 60.1039249,30.2165437 60.1046182))"				platform		way	"72891171"
"POLYGON ((30.21665 60.1047439,30.2166879 60.1047919,30.2201914 60.104105,30.2201536 60.104057,30.21665 60.1047439))"				platform	"1"	way	"72891175"
"POLYGON ((30.3260277 59.9960973,30.3260901 59.9961182,30.3264161 59.9958511,30.3264478 59.9958618,30.3267511 59.9956406,30.326719 59.9956282,30.3275207 59.9951084,30.3275562 59.9951224,30.3278761 59.9949194,30.3278557 59.9949113,30.3282931 59.9946726,30.3283332 59.9946898,30.3284967 59.9946074,30.3284523 59.9945882,30.328403 59.9945668,30.3277348 59.9949176,30.3266767 59.9956105,30.3263578 59.9958338,30.3260277 59.9960973))"				platform	"1"	way	"72891182"
"POLYGON ((30.421418 59.7396553,30.420325 59.7418294,30.4203904 59.7418377,30.4206572 59.7413135,30.4214834 59.7396637,30.421418 59.7396553))"				platform	"2"	way	"75686095"
"POLYGON ((30.4201594 59.7418173,30.4212447 59.7396443,30.4211815 59.7396363,30.4200962 59.7418092,30.4201594 59.7418173))"				platform	"1"	way	"75686100"
"POLYGON ((30.2886086 59.8522801,30.2885955 59.852281,30.28912 59.8541998,30.2891562 59.8541974,30.2891937 59.8541948,30.2886689 59.8522759,30.2886385 59.852278,30.2886086 59.8522801))"				platform	"3"	way	"75798511"
"POLYGON ((30.3315895 59.9928282,30.3315575 59.9928122,30.3313853 59.9928984,30.3313601 59.992911,30.3313449 59.9929034,30.3295679 59.9937927,30.3293682 59.9938927,30.3289843 59.9940848,30.3290315 59.9941084,30.3315895 59.9928282))"				platform	"2"	way	"76112919"
"POLYGON ((30.1259579 60.1224714,30.1259993 60.1225238,30.1300149 60.1217372,30.1299735 60.1216848,30.1297864 60.1217215,30.1279611 60.122079,30.1269204 60.1222828,30.1259579 60.1224714))"				platform		way	"76112926"
"POLYGON ((30.4254033 59.8667934,30.4225107 59.868503,30.4225704 59.8685284,30.4226501 59.8684814,30.4229632 59.8682963,30.4235218 59.8679662,30.4236642 59.867882,30.4246259 59.8673137,30.4247741 59.8672261,30.4249088 59.8671467,30.4249389 59.8671287,30.4251884 59.8669812,30.4252356 59.867001,30.425504 59.8668332,30.4254033 59.8667934))"				platform		way	"77626769"
"POLYGON ((30.3878321 59.8068643,30.3878513 59.8068667,30.3889286 59.8047136,30.3888766 59.804707,30.3877993 59.8068601,30.3878321 59.8068643))"				platform	"1"	way	"78401296"
"POLYGON ((30.3891143 59.804747,30.3890757 59.8047421,30.3879966 59.8068952,30.388011 59.806897,30.3880352 59.8069,30.3891143 59.804747))"				platform	"2"	way	"78401301"
"POLYGON ((30.3976194 59.7872016,30.3975965 59.787196,30.3975708 59.7871954,30.3971277 59.7880826,30.3971763 59.7880887,30.3976194 59.7872016))"				platform	"1"	way	"78629595"
"POLYGON ((30.39781 59.7872229,30.397786 59.7872187,30.3977598 59.7872167,30.3973236 59.7881055,30.3973737 59.7881117,30.39781 59.7872229))"				platform	"2"	way	"78629625"
"POLYGON ((30.5406261 59.7872485,30.5383521 59.7888782,30.5384023 59.7888959,30.5390894 59.7884035,30.5391605 59.7884287,30.5396479 59.7880794,30.5396017 59.7880631,30.5392325 59.7883277,30.5392017 59.7883168,30.5406705 59.7872642,30.5406261 59.7872485))"				platform		way	"85976396"
"POLYGON ((30.5384387 59.7886275,30.5357482 59.7905559,30.5357723 59.7905645,30.5357984 59.7905737,30.5384889 59.7886453,30.5384387 59.7886275))"				platform		way	"85976416"
"POLYGON ((30.5137152 59.8063365,30.5136767 59.8063642,30.5128686 59.8069458,30.5128316 59.8069722,30.512555 59.8071696,30.5124012 59.80728,30.5117705 59.8077328,30.5116658 59.807808,30.5116936 59.8078191,30.5117181 59.8078289,30.51377 59.8063558,30.5137438 59.8063466,30.5137152 59.8063365))"				platform		way	"89128984"
"POLYGON ((30.511852 59.8078688,30.5119045 59.8078874,30.5119522 59.8079044,30.5140523 59.8064079,30.5140006 59.8063895,30.5139521 59.8063723,30.511852 59.8078688))"				platform		way	"89128985"
"POLYGON ((30.3371068 59.7300877,30.3397404 59.7318414,30.3397865 59.7318238,30.339826 59.7318088,30.3371925 59.730055,30.3371464 59.7300726,30.3371068 59.7300877))"				platform		way	"89619009"
"POLYGON ((30.3386293 59.7308851,30.3385675 59.7309168,30.3388679 59.7311136,30.3391831 59.7309913,30.3390903 59.7309271,30.3389953 59.7308614,30.3387453 59.7308436,30.3371166 59.7297378,30.33706 59.729759,30.3370308 59.7297638,30.3370024 59.7297805,30.3386293 59.7308851))"				platform		way	"91461189"
"POLYGON ((30.3642529 59.9240198,30.3642232 59.924018,30.3641958 59.9240163,30.3640597 59.9244413,30.3639714 59.9247384,30.3638138 59.9251871,30.3636089 59.9257369,30.3631675 59.9269961,30.3625648 59.9286854,30.3626971 59.9286989,30.3629731 59.927937,30.3635237 59.9264463,30.3639998 59.9250923,30.3641795 59.9244982,30.3642079 59.9242786,30.3642529 59.9240198))"				platform	"6;7"	way	"93473638"
"POLYGON ((30.3617756 59.9284301,30.3618849 59.9281438,30.3620907 59.9275687,30.3622252 59.9271625,30.3622933 59.9269785,30.362423 59.9267207,30.3626472 59.9262816,30.3629047 59.9258034,30.3633279 59.9249984,30.3634985 59.9247009,30.363587 59.9245183,30.3637941 59.9240256,30.3637402 59.9240202,30.3636859 59.9240148,30.3633396 59.9247229,30.3629801 59.925581,30.362808 59.9257472,30.36263 59.9261542,30.3624304 59.9265325,30.3622209 59.9269472,30.3616598 59.9284188,30.3617289 59.9284255,30.3617756 59.9284301))"				platform	"1"	way	"93473640"
"POLYGON ((30.3636727 59.9249431,30.3634359 59.9253927,30.3632526 59.9258491,30.3629208 59.9267722,30.36267 59.9274896,30.3622421 59.9286605,30.3624114 59.9286763,30.362812 59.9274919,30.36306 59.9267819,30.3633283 59.9260608,30.3635492 59.9254928,30.3637144 59.9249475,30.3636944 59.9249454,30.3636727 59.9249431))"				platform	"4;5"	way	"93473641"
"POLYGON ((30.3647628 59.9237761,30.3648069 59.9235348,30.364861 59.9229463,30.3648318 59.9229456,30.3648038 59.922945,30.3647519 59.9235309,30.3647226 59.9237544,30.3646828 59.9240561,30.364633 59.924416,30.3645708 59.924672,30.3644964 59.9249445,30.3639777 59.9263436,30.3633687 59.928089,30.363476 59.928098,30.3642142 59.9259771,30.3645421 59.925018,30.364643 59.9246673,30.364684 59.9244239,30.3647628 59.9237761))"				platform	"10;11"	way	"93473646"
"POLYGON ((30.3645402 59.923481,30.3644662 59.9239588,30.3643676 59.9244768,30.3642804 59.9247712,30.3641638 59.9251112,30.3637602 59.9262109,30.3633093 59.9275175,30.3631083 59.9280672,30.3632257 59.928077,30.3636467 59.926876,30.3639084 59.9260924,30.3642678 59.9251018,30.3643695 59.9247883,30.3644397 59.9244909,30.3645153 59.923962,30.3645389 59.923724,30.3645721 59.9234821,30.3645573 59.9234816,30.3645402 59.923481))"				platform	"8;9"	way	"93473650"
"POLYGON ((30.091647 59.8331305,30.091605 59.8330832,30.0911392 59.8331876,30.0911811 59.8332348,30.0889717 59.83373,30.0889875 59.8337479,30.0890003 59.8337623,30.0920805 59.833072,30.0920677 59.8330575,30.0920519 59.8330398,30.091647 59.8331305))"	2 Путь			platform		way	"95207125"
"POLYGON ((30.0888425 59.8339372,30.0911957 59.8334089,30.0918565 59.8332606,30.0923057 59.8331598,30.0922885 59.8331405,30.0922723 59.8331222,30.0888091 59.8338996,30.0888253 59.8339179,30.0888425 59.8339372))"	1 Путь			platform		way	"95207189"
"POLYGON ((30.3196125 59.8149583,30.3226793 59.8138132,30.3226652 59.8138037,30.3226435 59.813789,30.3195768 59.8149341,30.3196125 59.8149583))"				platform		way	"96659814"
"POLYGON ((30.3691677 59.9087679,30.3691916 59.9087785,30.3722668 59.9070608,30.3722073 59.9070354,30.3691438 59.9087549,30.3691677 59.9087679))"				platform		way	"97227186"
"POLYGON ((30.2948748 59.9913169,30.2967716 59.9918035,30.2975059 59.9920287,30.2983663 59.9923223,30.2983785 59.9923131,30.2984072 59.9922914,30.2984366 59.9922692,30.2984553 59.9922552,30.2975856 59.9919585,30.2968517 59.9917332,30.2957323 59.9914367,30.2949337 59.9912542,30.2948748 59.9913169))"				platform		way	"98989856"
"POLYGON ((30.6289305 59.7843245,30.6288957 59.7843003,30.6252458 59.7856295,30.6252646 59.7856426,30.6252806 59.7856537,30.6267601 59.7851149,30.6282341 59.7845781,30.6289305 59.7843245))"				platform		way	"100545800"
"POLYGON ((30.436627 60.0161598,30.4366416 60.0162528,30.4366638 60.0162519,30.4366818 60.0162512,30.4366672 60.0161582,30.436627 60.0161598))"	Депо Ручьи			platform		way	"103085437"
"POLYGON ((30.4063171 59.8800122,30.4063865 59.8800325,30.407034 59.8795044,30.4071524 59.8794078,30.4082702 59.8784959,30.4083918 59.8783967,30.4087494 59.8781049,30.408685 59.8780842,30.4086587 59.8781057,30.4083271 59.8783764,30.4082053 59.8784758,30.4079218 59.8787072,30.4070891 59.8793869,30.4069696 59.8794845,30.4067536 59.8796608,30.4063171 59.8800122))"				platform		way	"108065568"
"POLYGON ((30.2881554 59.6971422,30.2881947 59.6971273,30.2859425 59.6956147,30.2859233 59.695622,30.2859032 59.6956296,30.2881554 59.6971422))"				platform		way	"120490876"
"POLYGON ((30.4199574 59.7417411,30.4200054 59.741747,30.4203386 59.7410561,30.4203149 59.7410532,30.4202906 59.7410502,30.4199574 59.7417411))"				platform		way	"122885361"
"POLYGON ((30.3782248 59.825351,30.3777621 59.8260293,30.3777808 59.8260325,30.3778004 59.8260359,30.3782631 59.8253576,30.3782466 59.8253548,30.3782248 59.825351))"				platform	"1"	way	"122885362"
"POLYGON ((30.3780583 59.825341,30.3780405 59.8253378,30.3780177 59.8253338,30.3775431 59.8260092,30.3775633 59.8260128,30.3775836 59.8260164,30.3780583 59.825341))"				platform	"2"	way	"122885380"
"POLYGON ((30.4197715 59.7417207,30.41982 59.7417268,30.4201619 59.7410341,30.4201398 59.7410314,30.4201135 59.7410281,30.4197715 59.7417207))"				platform		way	"122885382"
"POLYGON ((30.3882669 59.805374,30.3882147 59.8053677,30.3879028 59.8060676,30.3879246 59.8060702,30.3879456 59.8060726,30.3882669 59.805374))"				platform		way	"122885385"
"POLYGON ((30.3660989 59.8503795,30.3659151 59.8507469,30.3659242 59.850748,30.3655603 59.8514756,30.365506 59.8514687,30.3652679 59.8519449,30.3653223 59.8519518,30.3649559 59.8526844,30.3650237 59.8526929,30.3661759 59.8503892,30.3660989 59.8503795))"				platform	"1"	way	"123587953"
"POLYGON ((30.3652298 59.8527185,30.365597 59.8519827,30.3656511 59.8519895,30.3658868 59.8515171,30.3658364 59.8515108,30.3662002 59.8507818,30.3662108 59.8507831,30.3663942 59.8504155,30.3663166 59.8504057,30.3651665 59.8527106,30.3652298 59.8527185))"				platform	"2"	way	"123587954"
"POLYGON ((30.4309454 59.6924632,30.4338195 59.6942085,30.433915 59.6941666,30.431059 59.6924163,30.4309454 59.6924632))"				platform	"2"	way	"123617982"
"POLYGON ((30.3380477 59.9060311,30.3380962 59.9060393,30.3382006 59.9058965,30.3383163 59.9057131,30.3384307 59.9055034,30.3385299 59.9053179,30.3385036 59.9053146,30.3384772 59.9053114,30.3383833 59.9054964,30.3382642 59.9057047,30.3381496 59.9058873,30.3380477 59.9060311))"				platform		way	"128393666"
"POLYGON ((30.3455284 59.8912212,30.3454891 59.8912196,30.3454707 59.891332,30.3454337 59.891517,30.3454053 59.8916115,30.3453386 59.8918406,30.3452681 59.8920309,30.3452044 59.8921926,30.3451469 59.8923196,30.3450874 59.8924524,30.3450045 59.8926185,30.3449216 59.8927843,30.3447487 59.8931119,30.3445792 59.8934452,30.344618 59.8934501,30.3446567 59.893455,30.3448267 59.893122,30.3449962 59.8927938,30.3451593 59.8924623,30.3452209 59.892331,30.3452799 59.8922005,30.3453449 59.8920377,30.3453797 59.8919444,30.3454148 59.8918483,30.3454834 59.8916175,30.3455082 59.8915214,30.345549 59.8913367,30.3455677 59.8912228,30.3455284 59.8912212))"				platform		way	"128393671"
"POLYGON ((30.3373378 59.9070744,30.3373859 59.9070858,30.3376415 59.9068386,30.3379252 59.9065588,30.3380787 59.9064,30.3382246 59.9062403,30.3383562 59.9060829,30.3384611 59.9059434,30.3385896 59.9057571,30.3387149 59.9055456,30.3388141 59.9053623,30.3387966 59.9053597,30.3387651 59.9053551,30.3386664 59.9055384,30.3385403 59.9057492,30.3384138 59.9059349,30.3383057 59.9060744,30.3381761 59.9062304,30.3380323 59.90639,30.3378761 59.9065481,30.3375955 59.9068262,30.3373378 59.9070744))"				platform		way	"128393672"
"POLYGON ((30.3495804 59.9699635,30.3497572 59.9699582,30.349593 59.9685745,30.3494161 59.9685798,30.3492308 59.9685853,30.3493951 59.969969,30.3495804 59.9699635))"				platform		way	"182976189"
"POLYGON ((30.4223724 59.8976704,30.4223297 59.8976553,30.422255 59.8976289,30.4222075 59.8976122,30.4209597 59.8985019,30.4211246 59.8985601,30.4223724 59.8976704))"				platform		way	"182994935"
"POLYGON ((30.2701311 59.8364142,30.270102 59.8364257,30.2700707 59.836438,30.2700983 59.8364544,30.2705434 59.8367187,30.2704576 59.8367559,30.2708076 59.8369733,30.2708998 59.8369347,30.2719257 59.8375846,30.272313 59.8378323,30.2723466 59.8378197,30.272381 59.8378067,30.2715914 59.8373084,30.2704012 59.8365775,30.2701311 59.8364142))"				platform		way	"185830670"
"POLYGON ((30.2702633 59.8363753,30.271138 59.8368955,30.2718936 59.8373738,30.2724905 59.837763,30.2725166 59.8377545,30.2725397 59.8377469,30.2714988 59.8370777,30.2711024 59.8368284,30.2711758 59.8367982,30.2708397 59.8365891,30.2707622 59.836622,30.2703611 59.836372,30.2703295 59.8363525,30.2702982 59.8363633,30.2702633 59.8363753))"				platform		way	"185830671"
"POLYGON ((30.2857522 59.6953563,30.2857695 59.6953497,30.2857916 59.6953414,30.2835394 59.6938286,30.2835 59.6938436,30.2857522 59.6953563))"				platform		way	"189588574"
"POLYGON ((30.2567272 59.6759956,30.2566739 59.6760159,30.2592256 59.6777231,30.2592549 59.677712,30.2592789 59.6777028,30.2567272 59.6759956))"				platform		way	"189590606"
"POLYGON ((30.2568486 59.6759508,30.2594051 59.6776579,30.259434 59.6776468,30.2594608 59.6776366,30.2569043 59.6759295,30.2568486 59.6759508))"				platform		way	"189590607"
"POLYGON ((30.2925908 59.8751821,30.2928751 59.8771072,30.2930121 59.8771021,30.2927278 59.875177,30.2926477 59.8751789,30.2925908 59.8751821))"				platform		way	"190168052"
"POLYGON ((30.2924941 59.8769141,30.29257 59.8769114,30.2922883 59.8749733,30.2922124 59.8749761,30.2922145 59.8749908,30.2922169 59.8750073,30.2922242 59.8750574,30.2924941 59.8769141))"				platform		way	"190168053"
"POLYGON ((30.218694 59.8243014,30.2223705 59.8246259,30.2223908 59.8245679,30.2187143 59.8242434,30.218694 59.8243014))"				platform		way	"190886068"
"POLYGON ((30.2186334 59.8245059,30.2191173 59.8245489,30.2219615 59.8248017,30.2223094 59.8248326,30.22232 59.8248026,30.218644 59.8244759,30.2186334 59.8245059))"				platform		way	"190886069"
"POLYGON ((30.3177784 59.9158193,30.3179609 59.9157789,30.3168818 59.9145531,30.3167881 59.9145738,30.3166993 59.9145935,30.3177784 59.9158193))"				platform		way	"192592694"
"POLYGON ((30.3449923 59.9858559,30.3460529 59.9872202,30.3461709 59.9871972,30.3462762 59.9871768,30.3452156 59.9858125,30.3451433 59.9858266,30.3450559 59.9858436,30.3449923 59.9858559))"				platform		way	"193170128"
"POLYGON ((30.3165295 59.9268887,30.3165686 59.9269038,30.3166022 59.9269168,30.3167698 59.9268078,30.316801 59.9268198,30.3167027 59.9268837,30.3167215 59.9268909,30.3167443 59.9268997,30.3167786 59.9268774,30.3168458 59.9268337,30.316875 59.9268449,30.3167034 59.9269565,30.3167432 59.9269719,30.3167784 59.9269854,30.3186859 59.9257447,30.3186394 59.9257268,30.3186145 59.9257171,30.3182821 59.9259467,30.3182525 59.9259338,30.3185787 59.925705,30.3185582 59.9256965,30.3185492 59.9256927,30.3185331 59.9256877,30.3182023 59.9259082,30.3181662 59.9258947,30.3185125 59.9256778,30.318483 59.9256664,30.3184364 59.9256484,30.3165295 59.9268887))"				platform		way	"195207957"
"POLYGON ((30.4064763 59.8801242,30.406542 59.8801444,30.4065589 59.8801306,30.4072161 59.8795935,30.4073227 59.8795064,30.4084874 59.8785548,30.4086003 59.8784625,30.4088475 59.8782605,30.4089727 59.8781582,30.408907 59.878138,30.4085347 59.8784422,30.4084214 59.8785348,30.4072563 59.8794868,30.4071497 59.8795739,30.4064763 59.8801242))"				platform		way	"195861998"
"POLYGON ((30.4525747 59.8499441,30.4526495 59.8499706,30.4527148 59.8499938,30.4528892 59.849885,30.4530689 59.8497668,30.4533412 59.8495735,30.453828 59.8492286,30.4545777 59.8486951,30.4550289 59.8483619,30.454954 59.8483356,30.4548734 59.8483072,30.4539178 59.8489775,30.4536697 59.8491633,30.4525747 59.8499441))"				platform		way	"197993935"
"POLYGON ((30.4523639 59.849887,30.4523959 59.8498985,30.4524269 59.8499097,30.4547415 59.8482572,30.4546808 59.8482359,30.4545905 59.8483073,30.4546111 59.8483146,30.4545454 59.8483612,30.4545248 59.8483539,30.4540344 59.8487018,30.4540536 59.8487086,30.4539812 59.8487599,30.4539621 59.8487531,30.4523639 59.849887))"				platform		way	"197993936"
"POLYGON ((30.4525073 59.8496742,30.4525422 59.8496852,30.4525745 59.8496954,30.4534297 59.8490757,30.4534077 59.8490678,30.4534667 59.8490264,30.4534887 59.8490343,30.4546254 59.8482165,30.4546087 59.8482106,30.454586 59.8482026,30.453425 59.8490094,30.4529194 59.8493681,30.4526377 59.8495742,30.4525073 59.8496742))"				platform		way	"197993937"
"POLYGON ((30.4539033 59.8493232,30.4539577 59.8493416,30.4540012 59.8493563,30.4557689 59.848063,30.4556965 59.8480389,30.4539033 59.8493232))"				platform		way	"197993938"
"POLYGON ((30.5053065 59.8295778,30.5008696 59.8312559,30.5009314 59.8312972,30.5053684 59.8296191,30.5053065 59.8295778))"				platform		way	"201222207"
"POLYGON ((30.5006049 59.8315429,30.5007036 59.8316082,30.5045408 59.8301445,30.5044824 59.8301058,30.5054999 59.8297176,30.5054597 59.8296911,30.5006049 59.8315429))"				platform		way	"201222215"
"POLYGON ((30.4974577 59.8329236,30.4974959 59.8329484,30.499607 59.8321952,30.4998505 59.8321083,30.4998869 59.8321337,30.5014077 59.8315552,30.5013331 59.8315155,30.4998128 59.8320799,30.4984393 59.8325788,30.4974577 59.8329236))"				platform		way	"201222222"
"POLYGON ((30.2611498 59.8788443,30.2612226 59.8788255,30.261299 59.8788059,30.2600535 59.8775847,30.2599418 59.8776133,30.2598267 59.8776429,30.2610722 59.8788641,30.2611498 59.8788443))"	Кировский завод			platform		way	"201322886"
"POLYGON ((30.6213269 59.7869486,30.6249514 59.7856302,30.6249308 59.7856159,30.6249084 59.7856003,30.6212839 59.7869186,30.6213269 59.7869486))"				platform		way	"202058423"
"POLYGON ((30.3713647 59.9073608,30.3714045 59.9073779,30.3727917 59.9065867,30.3735668 59.906132,30.3743447 59.9056649,30.3743216 59.9056554,30.3742898 59.9056431,30.3739478 59.9058507,30.3735227 59.9061149,30.3727584 59.9065618,30.3713647 59.9073608))"				platform		way	"214435112"
"POLYGON ((30.2504241 59.8420567,30.2536208 59.8419474,30.2536132 59.841891,30.2536068 59.8418438,30.25041 59.8419531,30.2504173 59.8420064,30.2504241 59.8420567))"	Проспект Ветеранов			platform		way	"221252366"
"POLYGON ((30.4370261 59.9283121,30.4381502 59.9291944,30.4427996 59.9328402,30.4429989 59.9327786,30.438357 59.9291315,30.4371315 59.9282754,30.4370261 59.9283121))"				platform	"2"	way	"222185975"
"POLYGON ((30.1187311 59.7031964,30.1187592 59.7031927,30.1187909 59.7031885,30.1183023 59.7022434,30.117903 59.701471,30.1178726 59.701475,30.1178431 59.7014789,30.1187311 59.7031964))"				platform		way	"241261371"
"POLYGON ((30.334739 59.806266,30.3346995 59.8062557,30.3345273 59.8064222,30.3345453 59.8064269,30.3345668 59.8064325,30.334739 59.806266))"				platform		way	"241720611"
"POLYGON ((30.4431542 59.9327287,30.4432913 59.9326794,30.4429462 59.9323492,30.4386976 59.9290117,30.438467 59.9288437,30.437952 59.9285024,30.4374075 59.9281865,30.4373372 59.9282102,30.4376328 59.9284231,30.4379573 59.9286583,30.4384987 59.9290658,30.4431542 59.9327287))"				platform	"3"	way	"281045574"
"POLYGON ((30.3669937 60.000822,30.3675308 60.0021763,30.3677069 60.0021588,30.3671699 60.0008046,30.3671335 60.0008082,30.3670367 60.0008178,30.3669937 60.000822))"				platform		way	"283129297"
"POLYGON ((30.3194989 59.8148825,30.3225659 59.8137373,30.3225431 59.8137218,30.3225302 59.8137131,30.3194631 59.8148583,30.3194989 59.8148825))"				platform		way	"296129307"
"POLYGON ((30.4249139 59.8669056,30.4247036 59.8670307,30.4246786 59.8670455,30.4245359 59.8671303,30.4243922 59.8672159,30.4234353 59.8677849,30.4232907 59.867871,30.4227131 59.8682145,30.4224031 59.8683989,30.42233 59.8684423,30.4223743 59.8684592,30.4252891 59.866748,30.4252248 59.8667207,30.4251918 59.8667067,30.4248806 59.8668916,30.4249139 59.8669056))"				platform		way	"303228552"
"POLYGON ((30.2882999 59.8522654,30.2888123 59.8541387,30.2888855 59.8541339,30.2889556 59.8541293,30.2884411 59.8522566,30.288419 59.8522579,30.2883724 59.8522609,30.2883268 59.8522637,30.2882999 59.8522654))"				platform	"2"	way	"315587335"
"POLYGON ((30.4662801 59.8665371,30.4663649 59.8665977,30.466459 59.8666651,30.4683705 59.8659919,30.4683126 59.8659514,30.4682543 59.8659093,30.4681916 59.8658639,30.4662801 59.8665371))"				platform		way	"317849207"
"POLYGON ((30.2885985 59.8541629,30.2886368 59.8541608,30.2886713 59.8541588,30.2881574 59.8522781,30.2881383 59.8522796,30.2881104 59.8522817,30.2880825 59.8522839,30.2885985 59.8541629))"				platform	"1"	way	"326187664"
"POLYGON ((30.2954156 59.8906711,30.2954873 59.8906656,30.2954214 59.8904513,30.2953994 59.890453,30.2953496 59.8904569,30.2954156 59.8906711))"	Электродепо			platform		way	"348453410"
"POLYGON ((29.6550386 59.9281641,29.6550482 59.9281792,29.6550578 59.9281943,29.6586598 59.9276204,29.658651 59.9276066,29.6586406 59.9275902,29.6550386 59.9281641))"	Бронка			platform		way	"377748084"
"POLYGON ((30.2369193 59.9489906,30.2369772 59.9490368,30.2370337 59.9490818,30.2388289 59.9485172,30.2387702 59.9484705,30.2387145 59.948426,30.2369193 59.9489906))"				platform		way	"394449822"
"POLYGON ((29.8069611 60.1849138,29.8109553 60.1841377,29.8109391 60.184117,29.8109272 60.1841019,29.8069329 60.184878,29.8069477 60.1848968,29.8069611 60.1849138))"				platform	"2"	way	"552878174"
"POLYGON ((29.8070447 60.1850218,29.8110607 60.1842486,29.8110446 60.184228,29.8110293 60.1842083,29.8070133 60.1849815,29.8070294 60.1850021,29.8070447 60.1850218))"				platform	"1"	way	"552878176"
"POLYGON ((30.2605903 59.867124,30.2607361 59.8671387,30.2608843 59.8671536,30.2614184 59.8658191,30.2612771 59.8658049,30.2611244 59.8657895,30.2605903 59.867124))"				platform		way	"556530079"
"POLYGON ((30.2116563 59.9716762,30.2116715 59.9722278,30.2118071 59.9722269,30.2118594 59.9722265,30.2118442 59.9716749,30.2117853 59.9716753,30.2116563 59.9716762))"				platform		way	"592435996"
"POLYGON ((30.2119682 59.9716739,30.2119834 59.9722255,30.2120145 59.9722253,30.2121713 59.9722242,30.2121561 59.9716726,30.2120101 59.9716736,30.2119682 59.9716739))"				platform		way	"592435998"
"POLYGON ((30.2022063 59.9879262,30.202418 59.9878988,30.2024481 59.9878949,30.2018098 59.9866595,30.2017583 59.9866661,30.2016136 59.9866848,30.201568 59.9866907,30.2022063 59.9879262))"				platform		way	"592440661"
"POLYGON ((30.2025772 59.9878775,30.2026225 59.9878716,30.2028191 59.9878462,30.2021808 59.9866108,30.2019846 59.9866361,30.201939 59.986642,30.2025772 59.9878775))"				platform		way	"592440662"
"POLYGON ((30.3620052 59.9284507,30.3621429 59.9284626,30.3624986 59.9274978,30.3628087 59.9266163,30.3629488 59.9262074,30.3629107 59.9262035,30.3628755 59.9261999,30.3627985 59.9263526,30.3626785 59.9266159,30.3625705 59.9269041,30.3622664 59.9276908,30.3620052 59.9284507))"				platform	"2;3"	way	"595741912"
"POLYGON ((30.3618498 59.9284368,30.3618914 59.9284405,30.3619077 59.928442,30.3620684 59.9279969,30.3623217 59.927286,30.3624478 59.9269809,30.362547 59.9267269,30.3625269 59.9267269,30.3625068 59.9267269,30.3622735 59.9272766,30.3620052 59.9279809,30.3618498 59.9284368))"				platform	"1;2"	way	"595741913"
"POLYGON ((30.3672175 59.9184963,30.3671604 59.9184928,30.3657362 59.9224693,30.3656743 59.9224621,30.3656557 59.9224599,30.3656074 59.9225973,30.3656342 59.9226329,30.3656718 59.9226461,30.3656437 59.922725,30.365876 59.9227454,30.3659159 59.9227489,30.3659256 59.922721,30.3670022 59.9196436,30.367026 59.9195838,30.367395 59.9186573,30.3673469 59.9186536,30.3673808 59.9185437,30.3673924 59.9185116,30.367344 59.9185075,30.3672175 59.9184963))"				platform		way	"595742932"
"POLYGON ((30.579932 59.7622051,30.5800098 59.7622739,30.5809084 59.7620187,30.5808641 59.7619802,30.5814046 59.7618269,30.583321 59.7613179,30.5832825 59.7612796,30.5823054 59.761536,30.5813456 59.7617944,30.580785 59.7619531,30.579932 59.7622051))"				platform		way	"595826654"
"POLYGON ((30.5762628 59.7633667,30.5775744 59.7628953,30.579358 59.7623091,30.5793098 59.7622685,30.5775261 59.7628629,30.5762118 59.7633343,30.5762628 59.7633667))"				platform		way	"595826655"
"POLYGON ((30.3454395 59.8884024,30.3454066 59.8884039,30.345443 59.8885975,30.3454796 59.8887919,30.3455226 59.8890281,30.345566 59.8892668,30.3456096 59.8894751,30.3456501 59.8896853,30.3457086 59.8899963,30.3457501 59.8903128,30.3457839 59.8903121,30.3458176 59.8903114,30.3457774 59.8899939,30.3457237 59.8896828,30.3456407 59.8892637,30.3455485 59.8887896,30.3454724 59.8884009,30.3454395 59.8884024))"				platform		way	"611880942"
"POLYGON ((30.2883076 59.9494297,30.2882109 59.9494603,30.2881086 59.949493,30.2898131 59.9508369,30.2899149 59.9508063,30.2900121 59.9507736,30.2883076 59.9494297))"				platform		way	"663951203"
"POLYGON ((30.2631623 59.9700949,30.2610417 59.9709863,30.2611323 59.9710403,30.2612287 59.9710977,30.2633493 59.9702064,30.2631623 59.9700949))"				platform		way	"663951205"
"POLYGON ((30.2554137 59.9881505,30.2555208 59.9881572,30.2556172 59.9881632,30.2558643 59.9872056,30.2556475 59.987192,30.2554137 59.9881505))"				platform		way	"663958219"
"POLYGON ((30.32073 60.03478,30.32081 60.0350745,30.3210313 60.0358893,30.3211816 60.0358791,30.3213195 60.0358698,30.3210182 60.0347605,30.3208783 60.0347699,30.32073 60.03478))"				platform		way	"664603517"
"POLYGON ((30.3327221 60.0489296,30.3324934 60.0489713,30.3331381 60.0499525,30.3332348 60.0499367,30.3333352 60.0499202,30.3327221 60.0489296))"				platform		way	"664603518"
"POLYGON ((30.3175278 60.0174789,30.3174253 60.0175256,30.3173309 60.0175686,30.318795 60.0183719,30.3189919 60.0182823,30.3175278 60.0174789))"	Удельная			platform		way	"664610320"
"POLYGON ((29.9580389 60.0951991,29.9580335 60.0949076,29.9580476 60.094552,29.9580898 60.0941795,29.9582226 60.0937041,29.9583507 60.09336,29.9583028 60.0933545,29.9582503 60.0933484,29.9581162 60.0937113,29.957982 60.0941795,29.9579454 60.0945504,29.9579292 60.0949031,29.9579332 60.095199,29.9579847 60.095199,29.9580389 60.0951991))"				platform		way	"723059551"
"POLYGON ((29.9586445 60.0930703,29.9586829 60.0930737,29.9587055 60.0930021,29.9588539 60.092515,29.9590364 60.0919542,29.9591656 60.0912834,29.9591123 60.0912813,29.9590601 60.0912796,29.9589704 60.0918149,29.9588505 60.0922688,29.9587767 60.0925088,29.9586097 60.0930672,29.9586445 60.0930703))"				platform		way	"723059552"
"POLYGON ((30.4103732 59.8404114,30.4104001 59.8404182,30.4103084 59.8405092,30.4102458 59.8404933,30.4101676 59.8405709,30.4102442 59.8405903,30.4102506 59.840592,30.4115521 59.8393005,30.4115405 59.8392975,30.4114883 59.8392843,30.4113647 59.8394069,30.4114118 59.8394189,30.4113474 59.8394828,30.4113365 59.83948,30.4112981 59.8394703,30.4103545 59.8404066,30.4103732 59.8404114))"				platform		way	"734600250"
"POLYGON ((30.4105097 59.8404471,30.4105224 59.8404504,30.4105395 59.8404549,30.4115018 59.8395194,30.4114683 59.8395106,30.4114502 59.8395059,30.4115189 59.8394391,30.4115573 59.8394491,30.4116788 59.8393309,30.4116395 59.8393207,30.4116231 59.8393164,30.4103016 59.8406011,30.4103151 59.8406046,30.4103682 59.8406184,30.4104448 59.840544,30.4104174 59.8405369,30.4105097 59.8404471))"				platform		way	"734600254"
"POLYGON ((30.3962055 59.8557663,30.3959902 59.8559787,30.3959357 59.8559648,30.3962519 59.8556527,30.396215 59.8556436,30.3961759 59.855634,30.3941354 59.8576478,30.3941956 59.8576632,30.3942455 59.857676,30.3943614 59.8575617,30.3944031 59.8575723,30.3942892 59.8576847,30.3943158 59.8576915,30.3943533 59.8577011,30.3943697 59.8577053,30.3944847 59.8575919,30.3945218 59.8576013,30.3944086 59.8577131,30.3944307 59.8577188,30.3944734 59.8577297,30.3965131 59.8557167,30.3964886 59.8557107,30.3964672 59.8557054,30.3961488 59.8560196,30.3961217 59.8560127,30.3963372 59.8557999,30.3963117 59.8557934,30.3962512 59.8557779,30.3962055 59.8557663))"				platform		way	"734602166"
"POLYGON ((30.3652453 59.9241334,30.3652641 59.9243155,30.3652936 59.9244755,30.3653553 59.9246529,30.365425 59.9248061,30.3654921 59.9249553,30.3655833 59.9252,30.3655055 59.9252107,30.3655404 59.9253196,30.3654024 59.9253392,30.3654399 59.9256215,30.3654882 59.9256107,30.3655349 59.9253693,30.3655591 59.9253223,30.3656021 59.9252,30.365594 59.9248559,30.3655913 59.9247564,30.3656128 59.924622,30.3655645 59.924372,30.3655596 59.9241964,30.3655511 59.9238881,30.365417 59.9238921,30.3654304 59.9243048,30.3654599 59.9244983,30.3655806 59.9248666,30.3655296 59.9248734,30.3654653 59.9247389,30.3654223 59.9246072,30.3653633 59.9244002,30.3653446 59.9243155,30.3653365 59.9241327,30.3652879 59.9241331,30.3652453 59.9241334))"				platform		way	"784893695"
"POLYGON ((30.5120339 59.9816147,30.5120536 59.9816522,30.5133473 59.9814824,30.5135179 59.98146,30.5158087 59.9811594,30.5158037 59.9811501,30.515789 59.981122,30.5120339 59.9816147))"				platform	"2"	way	"828534583"
"POLYGON ((30.3591279 59.8176394,30.3591272 59.8176212,30.3536052 59.8176869,30.3536052 59.8177054,30.3591279 59.8176394))"				platform		way	"851932095"
"POLYGON ((30.4376366 59.9281886,30.4379007 59.9283421,30.4381827 59.9285153,30.4383588 59.9286298,30.4385221 59.9287346,30.4387951 59.9289264,30.4389635 59.9290613,30.4399587 59.9298349,30.4417926 59.93128,30.4420017 59.9312172,30.4406413 59.9301577,30.4405239 59.9301666,30.4390445 59.9290307,30.4388685 59.9288939,30.4385888 59.9287078,30.438428 59.928603,30.4382467 59.9284858,30.4376942 59.92816,30.4376366 59.9281886))"				platform	"4"	way	"935936447"
"POLYGON ((30.4822353 59.7505219,30.4821821 59.7505599,30.4830619 59.750872,30.483115 59.750834,30.4822353 59.7505219))"	Старая платформа		Старая платформа бывшей жд Пушкин-Колпино	platform		way	"945468913"
"POLYGON ((30.4394536 59.9306433,30.4418668 59.9325149,30.4420927 59.9324336,30.4397157 59.9305604,30.4394536 59.9306433))"				platform	"1"	way	"1076872936"
"POLYGON ((30.2962747 60.0389608,30.2966521 60.0393501,30.2970854 60.039822,30.2971077 60.0398173,30.297146 60.0398094,30.2967969 60.0394395,30.2967028 60.0393398,30.2967338 60.0393333,30.2964661 60.0390287,30.2964151 60.0390402,30.2963272 60.0389483,30.2962927 60.0389565,30.2962747 60.0389608))"	Станция Озёрная			platform		way	"1081207529"
"POLYGON ((30.4392488 59.931239,30.439623 59.9315481,30.4396504 59.9315397,30.4396903 59.9315276,30.4393161 59.9312185,30.4392488 59.931239))"	станция метро «Ладожская»			platform		way	"1149944801"
